date,hour,spread_true,clf_cls,reg_val
2026-07-24,00:00,-156.26,0,-82.31412
2026-07-24,01:00,-34.31,0,-77.255684
2026-07-24,02:00,-1.830000000000041,0,-55.791946
2026-07-24,03:00,-0.15999999999996817,1,-20.687471
2026-07-24,04:00,-0.4200000000000159,2,5.0545382
2026-07-24,05:00,2.1899999999999977,2,-1.3505253
2026-07-24,06:00,2.090000000000032,2,-13.715011
2026-07-24,07:00,-8.210000000000036,4,-16.846712
2026-07-24,08:00,-35.85000000000002,4,-47.43681
2026-07-24,09:00,-33.50999999999999,0,-56.80951
2026-07-24,10:00,-48.31999999999999,0,-57.594574
2026-07-24,11:00,0.28000000000002956,0,-93.97797
2026-07-24,12:00,25.29000000000002,0,-96.40163
2026-07-24,13:00,29.889999999999986,0,-86.6482
2026-07-24,14:00,-5.310000000000002,0,-122.40166
2026-07-24,15:00,10.490000000000009,0,-118.48141
2026-07-24,16:00,51.31,0,-109.79669
2026-07-24,17:00,13.009999999999991,4,0.5984405
2026-07-24,18:00,33.64999999999998,0,-72.78578
2026-07-24,19:00,20.619999999999948,0,-35.692528
2026-07-24,20:00,53.72999999999996,0,-40.62678
2026-07-24,21:00,121.52999999999997,0,-75.12642
2026-07-24,22:00,80.69,0,-82.91304
2026-07-24,23:00,1.8199999999999932,0,-64.09231
2026-07-25,00:00,-8.959999999999923,0,-77.44968
2026-07-25,01:00,64.53999999999996,0,-41.096947
2026-07-25,02:00,4.180000000000007,0,-31.929886
2026-07-25,03:00,-1.57000000000005,0,-21.072712
2026-07-25,04:00,-6.360000000000014,3,7.767855
2026-07-25,05:00,-1.4099999999999682,3,15.862787
2026-07-25,06:00,-0.7799999999999727,2,-2.568614
2026-07-25,07:00,1.3199999999999932,2,-16.55346
2026-07-25,08:00,22.639999999999986,4,-85.42352
2026-07-25,09:00,116.55000000000001,4,-77.02076
2026-07-25,10:00,123.71000000000001,0,-92.85513
2026-07-25,11:00,98.85999999999999,0,-104.14002
2026-07-25,12:00,107.25,0,-109.19178
2026-07-25,13:00,55.09000000000003,0,-79.71297
2026-07-25,14:00,79.56,0,-68.628914
2026-07-25,15:00,58.94,0,-42.184917
2026-07-25,16:00,82.23000000000002,0,-1.0305716
2026-07-25,17:00,142.07,0,-20.841661
2026-07-25,18:00,169.90999999999997,0,-53.94799
2026-07-25,19:00,197.86999999999995,0,-80.540924
2026-07-25,20:00,186.16000000000003,0,-81.802376
2026-07-25,21:00,153.09000000000003,0,-87.91277
2026-07-25,22:00,120.63,0,-66.208824
2026-07-25,23:00,61.370000000000005,0,-48.16506
2026-07-26,00:00,-194.00000000000006,0,-170.69865
2026-07-26,01:00,-70.19,0,-93.04565
2026-07-26,02:00,-38.56999999999999,4,-111.46595
2026-07-26,03:00,-33.440000000000055,4,-41.99837
2026-07-26,04:00,-15.160000000000025,4,-35.701077
2026-07-26,05:00,-15.689999999999998,4,-56.504436
2026-07-26,06:00,-31.83000000000004,4,-99.34471
2026-07-26,07:00,-53.84000000000003,4,-71.64491
2026-07-26,08:00,2.4399999999999977,4,-63.450996
2026-07-26,09:00,14.38000000000001,4,-40.58874
2026-07-26,10:00,40.89,0,-61.139908
2026-07-26,11:00,-41.349999999999994,0,-51.51273
2026-07-26,12:00,-33.25,4,-62.20204
2026-07-26,13:00,29.560000000000002,0,-102.60759
2026-07-26,14:00,108.02000000000001,0,-127.95742
2026-07-26,15:00,175.41,4,-99.316
2026-07-26,16:00,222.59,4,-61.639442
2026-07-26,17:00,205.98,4,-75.64003
2026-07-26,18:00,171.63,4,-87.622246
2026-07-26,19:00,94.69,4,-149.77216
2026-07-26,20:00,54.210000000000036,4,-122.98834
2026-07-26,21:00,21.79000000000002,4,-90.664825
2026-07-26,22:00,40.46999999999997,4,-86.63021
2026-07-26,23:00,42.599999999999966,4,-68.76609
2026-02-01,00:00,-27.920013427734375,4,1.1220464
2026-02-01,01:00,49.25,4,13.736479
2026-02-01,02:00,47.84001159667969,4,38.26129
2026-02-01,03:00,92.08998107910156,4,42.936314
2026-02-01,04:00,90.44000244140625,4,43.89344
2026-02-01,05:00,71.09999084472656,4,44.667557
2026-02-01,06:00,18.169998168945312,4,34.606567
2026-02-01,07:00,-5.8099822998046875,4,29.482752
2026-02-01,08:00,-47.139984130859375,4,43.90683
2026-02-01,09:00,-43.15000915527344,4,49.86692
2026-02-01,10:00,-2.1200103759765625,4,59.54824
2026-02-01,11:00,-16.650009155273438,4,63.962917
2026-02-01,12:00,-32.12999725341797,4,80.80706
2026-02-01,13:00,-11.699996948242188,4,79.05052
2026-02-01,14:00,9.060005187988281,4,84.98005
2026-02-01,15:00,101.68000793457031,4,79.54011
2026-02-01,16:00,-13.1300048828125,4,24.884232
2026-02-01,17:00,14.790008544921875,4,18.638954
2026-02-01,18:00,88.83999633789062,4,-0.46098626
2026-02-01,19:00,-157.0400390625,4,38.25067
2026-02-01,20:00,-290.79998779296875,4,40.12104
2026-02-01,21:00,-481.260009765625,4,34.752636
2026-02-01,22:00,-455.52996826171875,4,-26.626562
2026-02-01,23:00,-57.42999267578125,4,-27.965826
2026-02-02,00:00,8.510009765625,4,-15.835103
2026-02-02,01:00,20.589996337890625,3,9.824345
2026-02-02,02:00,15.939987182617188,3,10.651282
2026-02-02,03:00,11.270004272460938,3,16.704063
2026-02-02,04:00,21.209991455078125,3,20.420794
2026-02-02,05:00,12.199996948242188,4,27.266726
2026-02-02,06:00,7.5099945068359375,4,20.41004
2026-02-02,07:00,23.04998779296875,2,15.599768
2026-02-02,08:00,0.740020751953125,4,23.910435
2026-02-02,09:00,42.670013427734375,4,52.148758
2026-02-02,10:00,90.84999084472656,4,57.625515
2026-02-02,11:00,63.07000732421875,4,44.43389
2026-02-02,12:00,56.91999053955078,4,70.78723
2026-02-02,13:00,73.63999938964844,4,70.936195
2026-02-02,14:00,206.32998657226562,4,56.64553
2026-02-02,15:00,204.5399932861328,4,53.429115
2026-02-02,16:00,26.220001220703125,4,8.277962
2026-02-02,17:00,102.45999145507812,4,22.061918
2026-02-02,18:00,262.21002197265625,4,53.804592
2026-02-02,19:00,388.46002197265625,4,68.55009
2026-02-02,20:00,269.7999572753906,4,9.287686
2026-02-02,21:00,207.260009765625,4,55.006042
2026-02-02,22:00,59.41998291015625,4,13.762231
2026-02-02,23:00,-2.44000244140625,4,-7.0762706
2026-02-03,00:00,-12.850006103515625,4,9.7062645
2026-02-03,01:00,7.67999267578125,4,0.81732845
2026-02-03,02:00,10.420013427734375,4,6.2150726
2026-02-03,03:00,16.690017700195312,3,10.34348
2026-02-03,04:00,20.449996948242188,3,17.130604
2026-02-03,05:00,21.209991455078125,3,15.217687
2026-02-03,06:00,14.04998779296875,3,15.457596
2026-02-03,07:00,6.600006103515625,2,8.86865
2026-02-03,08:00,-27.540008544921875,4,16.557823
2026-02-03,09:00,25.610000610351562,4,54.302837
2026-02-03,10:00,178.9499969482422,4,60.98421
2026-02-03,11:00,168.1099853515625,4,38.00332
2026-02-03,12:00,111.4800033569336,4,56.89246
2026-02-03,13:00,163.5,4,63.193455
2026-02-03,14:00,120.70999908447266,4,46.564804
2026-02-03,15:00,112.15998840332031,4,16.469463
2026-02-03,16:00,17.410003662109375,4,-8.488524
2026-02-03,17:00,22.100006103515625,4,-26.821428
2026-02-03,18:00,67.10000610351562,4,26.181017
2026-02-03,19:00,89.55999755859375,4,53.297947
2026-02-03,20:00,72.83999633789062,4,27.566298
2026-02-03,21:00,22.290008544921875,4,19.464148
2026-02-03,22:00,-20.94000244140625,4,-12.08412
2026-02-03,23:00,-14.480010986328125,4,-10.486888
2026-02-04,00:00,7.519989013671875,4,-2.1915152
2026-02-04,01:00,5.6300048828125,4,-2.103001
2026-02-04,02:00,9.510009765625,4,4.9101644
2026-02-04,03:00,13.92999267578125,4,3.1320782
2026-02-04,04:00,5.160003662109375,4,-16.201183
2026-02-04,05:00,5.829986572265625,4,-26.555716
2026-02-04,06:00,0.769989013671875,4,-20.911333
2026-02-04,07:00,8.989990234375,4,-22.168768
2026-02-04,08:00,-45.30999755859375,4,-18.236414
2026-02-04,09:00,-7.110015869140625,4,-10.191797
2026-02-04,10:00,-7.17999267578125,4,14.127202
2026-02-04,11:00,-8.67999267578125,4,51.544212
2026-02-04,12:00,16.55999755859375,4,52.67155
2026-02-04,13:00,-15.199996948242188,4,61.726803
2026-02-04,14:00,-11.44000244140625,4,89.844635
2026-02-04,15:00,6.25,4,51.58174
2026-02-04,16:00,-7.05999755859375,4,27.827972
2026-02-04,17:00,42.1199951171875,4,11.297755
2026-02-04,18:00,91.91000366210938,4,41.02779
2026-02-04,19:00,159.48001098632812,4,140.87941
2026-02-04,20:00,124.94000244140625,4,131.89195
2026-02-04,21:00,137.22000122070312,4,73.59725
2026-02-04,22:00,46.32000732421875,4,11.86554
2026-02-04,23:00,6.139984130859375,4,-24.095589
2026-02-05,00:00,14.41998291015625,4,-16.634708
2026-02-05,01:00,16.360015869140625,4,-23.797686
2026-02-05,02:00,7.3900146484375,4,-40.20397
2026-02-05,03:00,3.989990234375,4,-49.336304
2026-02-05,04:00,3.57000732421875,4,-43.330788
2026-02-05,05:00,3.6500244140625,4,-47.467964
2026-02-05,06:00,2.17999267578125,4,-33.614414
2026-02-05,07:00,-1.970001220703125,2,-25.882504
2026-02-05,08:00,-9.720001220703125,4,-30.686613
2026-02-05,09:00,6.1099853515625,4,-14.945263
2026-02-05,10:00,1.990020751953125,4,-12.831608
2026-02-05,11:00,11.759994506835938,4,-6.1243005
2026-02-05,12:00,102.12000274658203,4,14.004764
2026-02-05,13:00,3.0999908447265625,4,-0.4244007
2026-02-05,14:00,-0.54998779296875,4,8.274336
2026-02-05,15:00,1.480010986328125,4,-2.1298914
2026-02-05,16:00,1.17999267578125,4,-13.828194
2026-02-05,17:00,16.730010986328125,4,-35.011627
2026-02-05,18:00,54.05999755859375,4,52.473427
2026-02-05,19:00,138.57000732421875,4,110.97565
2026-02-05,20:00,51.54998779296875,4,94.01561
2026-02-05,21:00,43.769989013671875,4,-1.498901
2026-02-05,22:00,7.420013427734375,4,-25.981901
2026-02-05,23:00,0.529998779296875,4,-26.913486
2026-02-06,00:00,5.839996337890625,4,-18.519928
2026-02-06,01:00,-2.779998779296875,4,-30.746395
2026-02-06,02:00,5.579986572265625,4,-42.560997
2026-02-06,03:00,6.08001708984375,4,-31.963203
2026-02-06,04:00,5.010009765625,4,-42.777294
2026-02-06,05:00,4.560028076171875,4,-18.764984
2026-02-06,06:00,3.600006103515625,4,-12.6046715
2026-02-06,07:00,-5.050018310546875,2,-6.860501
2026-02-06,08:00,13.52001953125,4,8.985266
2026-02-06,09:00,26.6099853515625,4,32.728786
2026-02-06,10:00,46.08000183105469,4,35.21138
2026-02-06,11:00,160.44998168945312,4,37.6541
2026-02-06,12:00,234.5399932861328,4,64.74826
2026-02-06,13:00,164.10000610351562,4,60.3829
2026-02-06,14:00,273.6300048828125,4,80.03104
2026-02-06,15:00,121.64999389648438,4,44.727764
2026-02-06,16:00,11.010009765625,4,14.210102
2026-02-06,17:00,0.110015869140625,4,22.769484
2026-02-06,18:00,16.66998291015625,4,64.48027
2026-02-06,19:00,168.92999267578125,4,145.83707
2026-02-06,20:00,46.0,4,108.37852
2026-02-06,21:00,39.1199951171875,4,35.48671
2026-02-06,22:00,37.760009765625,4,-12.544668
2026-02-06,23:00,8.28997802734375,4,-31.708015
2026-02-07,00:00,7.1199951171875,4,-24.353449
2026-02-07,01:00,11.53997802734375,4,-33.36416
2026-02-07,02:00,10.220001220703125,4,-28.36915
2026-02-07,03:00,14.730010986328125,4,-34.92642
2026-02-07,04:00,16.169998168945312,4,-1.1016512
2026-02-07,05:00,32.019989013671875,4,3.267084
2026-02-07,06:00,16.610015869140625,4,6.491012
2026-02-07,07:00,-6.790008544921875,4,7.331026
2026-02-07,08:00,95.83000183105469,4,39.012222
2026-02-07,09:00,76.78001403808594,4,32.797333
2026-02-07,10:00,187.6699981689453,4,23.696861
2026-02-07,11:00,233.2100067138672,4,17.971636
2026-02-07,12:00,143.1699981689453,4,47.74345
2026-02-07,13:00,181.3300018310547,4,56.99299
2026-02-07,14:00,123.44999694824219,4,74.00108
2026-02-07,15:00,162.05999755859375,4,58.457546
2026-02-07,16:00,76.90998840332031,4,53.060863
2026-02-07,17:00,45.579986572265625,4,54.326996
2026-02-07,18:00,23.079986572265625,4,56.532345
2026-02-07,19:00,53.30000305175781,4,86.77457
2026-02-07,20:00,56.84999084472656,4,23.805079
2026-02-07,21:00,49.06999206542969,4,7.6046185
2026-02-07,22:00,75.06001281738281,4,4.654903
2026-02-07,23:00,19.160003662109375,4,-5.9424586
2026-02-08,00:00,176.9199981689453,4,24.814919
2026-02-08,01:00,146.33999633789062,4,34.110744
2026-02-08,02:00,98.26000213623047,4,38.97038
2026-02-08,03:00,96.77999877929688,4,40.24245
2026-02-08,04:00,70.3499984741211,4,48.12063
2026-02-08,05:00,90.14999389648438,4,53.738503
2026-02-08,06:00,71.25999450683594,4,55.439266
2026-02-08,07:00,103.86000061035156,4,45.085987
2026-02-08,08:00,-20.669998168945312,4,69.07519
2026-02-08,09:00,-137.52000427246094,4,51.760834
2026-02-08,10:00,-50.130001068115234,4,15.530738
2026-02-08,11:00,-24.470001220703125,4,16.089376
2026-02-08,12:00,-11.680000305175781,4,10.353365
2026-02-08,13:00,0.8000030517578125,4,37.523148
2026-02-08,14:00,1.8899993896484375,4,22.614023
2026-02-08,15:00,3.9300003051757812,4,57.599846
2026-02-08,16:00,86.80999755859375,4,32.404343
2026-02-08,17:00,135.19000244140625,4,-26.241024
2026-02-08,18:00,14.830001831054688,4,-44.31753
2026-02-08,19:00,71.31999206542969,4,-34.318104
2026-02-08,20:00,13.540008544921875,4,-45.54942
2026-02-08,21:00,15.099990844726562,4,-56.65927
2026-02-08,22:00,64.59999084472656,4,-67.067696
2026-02-08,23:00,88.16999816894531,4,-7.699924
2026-02-09,00:00,24.25,4,-16.648932
2026-02-09,01:00,242.95999145507812,4,5.766434
2026-02-09,02:00,273.9100036621094,4,24.805965
2026-02-09,03:00,223.26998901367188,4,13.31235
2026-02-09,04:00,172.85000610351562,4,15.107113
2026-02-09,05:00,171.8800048828125,4,3.5525103
2026-02-09,06:00,213.44000244140625,4,-2.3685694
2026-02-09,07:00,109.92999267578125,4,-13.336136
2026-02-09,08:00,195.59999084472656,4,-17.655647
2026-02-09,09:00,234.1400146484375,4,-90.32362
2026-02-09,10:00,109.91000366210938,4,-110.71745
2026-02-09,11:00,25.350000381469727,4,-143.14218
2026-02-09,12:00,-77.00999450683594,4,-96.808914
2026-02-09,13:00,7.65000057220459,4,-131.01593
2026-02-09,14:00,53.33000183105469,4,-55.383873
2026-02-09,15:00,59.880001068115234,4,-1.3215451
2026-02-09,16:00,162.11000061035156,4,-15.557112
2026-02-09,17:00,82.96998596191406,4,0.69681966
2026-02-09,18:00,31.300003051757812,4,-12.314426
2026-02-09,19:00,25.33001708984375,4,35.546604
2026-02-09,20:00,21.710006713867188,4,13.266586
2026-02-09,21:00,28.889999389648438,4,-42.77394
2026-02-09,22:00,32.6300048828125,4,-32.91139
2026-02-09,23:00,73.46000671386719,4,-34.884308
2026-02-10,00:00,-52.44000244140625,4,-17.804846
2026-02-10,01:00,17.79998779296875,4,-1.8818897
2026-02-10,02:00,11.169998168945312,4,-23.98278
2026-02-10,03:00,237.3699951171875,4,-13.89255
2026-02-10,04:00,232.30999755859375,3,-28.671993
2026-02-10,05:00,234.0500030517578,4,-45.905437
2026-02-10,06:00,76.90998840332031,4,-44.511677
2026-02-10,07:00,11.340011596679688,0,-40.385876
2026-02-10,08:00,73.74000549316406,0,-75.44425
2026-02-10,09:00,16.269989013671875,0,-137.9472
2026-02-10,10:00,162.45001220703125,0,-117.6804
2026-02-10,11:00,70.239990234375,4,-143.32841
2026-02-10,12:00,70.68000793457031,4,-84.928894
2026-02-10,13:00,218.72000122070312,4,-130.76007
2026-02-10,14:00,199.70999145507812,4,-80.98267
2026-02-10,15:00,206.97000122070312,4,-66.83976
2026-02-10,16:00,200.19000244140625,4,-26.675716
2026-02-10,17:00,20.589996337890625,4,-68.646774
2026-02-10,18:00,98.70999145507812,4,-103.86167
2026-02-10,19:00,142.42001342773438,4,-4.893847
2026-02-10,20:00,129.22000122070312,4,-31.632603
2026-02-10,21:00,113.85000610351562,4,-76.29709
2026-02-10,22:00,67.03997802734375,4,-70.64672
2026-02-10,23:00,2.3499755859375,4,-74.33499
2026-02-11,00:00,-5.980010986328125,4,-36.268295
2026-02-11,01:00,11.499984741210938,4,-15.740078
2026-02-11,02:00,147.07998657226562,4,27.918106
2026-02-11,03:00,253.86000061035156,4,15.675459
2026-02-11,04:00,219.67001342773438,4,26.199032
2026-02-11,05:00,207.8599853515625,4,29.287544
2026-02-11,06:00,197.8699951171875,2,7.2264156
2026-02-11,07:00,73.95999145507812,2,-10.056708
2026-02-11,08:00,84.92999267578125,4,-4.767448
2026-02-11,09:00,223.67001342773438,4,-18.095938
2026-02-11,10:00,261.29998779296875,4,-6.439477
2026-02-11,11:00,106.9000015258789,4,31.535572
2026-02-11,12:00,134.3300018310547,4,63.51398
2026-02-11,13:00,130.5800018310547,4,42.986916
2026-02-11,14:00,114.9000015258789,4,53.370296
2026-02-11,15:00,139.29000854492188,4,63.13575
2026-02-11,16:00,189.6099853515625,4,59.987083
2026-02-11,17:00,28.279998779296875,4,48.032772
2026-02-11,18:00,36.739990234375,4,81.28511
2026-02-11,19:00,66.10000610351562,4,99.61053
2026-02-11,20:00,48.910003662109375,4,70.36295
2026-02-11,21:00,36.46002197265625,4,74.205795
2026-02-11,22:00,12.41998291015625,4,45.795254
2026-02-11,23:00,-6.41998291015625,4,30.332466
2026-02-12,00:00,-47.08000183105469,4,0.7681079
2026-02-12,01:00,-51.95001220703125,4,22.760298
2026-02-12,02:00,-56.84999084472656,4,53.02377
2026-02-12,03:00,-68.79998779296875,3,60.272484
2026-02-12,04:00,-37.5,4,65.11362
2026-02-12,05:00,61.37000274658203,4,52.983444
2026-02-12,06:00,59.230003356933594,4,32.037914
2026-02-12,07:00,-34.83000183105469,4,39.017525
2026-02-12,08:00,4.55999755859375,4,77.395676
2026-02-12,09:00,53.66999816894531,4,86.48072
2026-02-12,10:00,-133.1999969482422,4,57.914333
2026-02-12,11:00,-189.63999938964844,4,-8.955997
2026-02-12,12:00,-178.70001220703125,4,77.05694
2026-02-12,13:00,-159.11000061035156,4,54.26661
2026-02-12,14:00,-103.70999908447266,4,-55.110767
2026-02-12,15:00,-183.79000854492188,4,0.79592997
2026-02-12,16:00,-161.58999633789062,4,36.079227
2026-02-12,17:00,-94.72999572753906,4,26.769415
2026-02-12,18:00,-11.500015258789062,4,108.28815
2026-02-12,19:00,-15.3599853515625,4,113.679596
2026-02-12,20:00,-20.6300048828125,4,58.365814
2026-02-12,21:00,56.30998229980469,4,52.99023
2026-02-12,22:00,-7.97998046875,4,-20.713608
2026-02-12,23:00,-32.49000549316406,4,-2.9270372
2026-02-13,00:00,-4.08001708984375,3,-17.17806
2026-02-13,01:00,75.86001586914062,3,27.255526
2026-02-13,02:00,44.28999328613281,3,21.012606
2026-02-13,03:00,39.66001892089844,3,18.250767
2026-02-13,04:00,21.310012817382812,3,18.66074
2026-02-13,05:00,16.330001831054688,3,28.174788
2026-02-13,06:00,20.459991455078125,3,17.349066
2026-02-13,07:00,6.6099853515625,3,11.196941
2026-02-13,08:00,-24.779998779296875,4,16.68949
2026-02-13,09:00,117.1100082397461,4,-4.7994895
2026-02-13,10:00,49.27000427246094,4,13.048778
2026-02-13,11:00,58.400001525878906,4,-7.7759986
2026-02-13,12:00,21.079986572265625,4,22.677147
2026-02-13,13:00,48.62999725341797,4,3.3601453
2026-02-13,14:00,173.6800079345703,4,-30.228374
2026-02-13,15:00,178.3599853515625,4,-23.075287
2026-02-13,16:00,125.31999206542969,4,26.197983
2026-02-13,17:00,-14.560028076171875,4,57.17862
2026-02-13,18:00,287.4100341796875,4,43.079433
2026-02-13,19:00,237.0,4,74.05615
2026-02-13,20:00,132.6400146484375,4,60.08148
2026-02-13,21:00,-120.30999755859375,4,68.21957
2026-02-13,22:00,-172.80001831054688,4,1.3030106
2026-02-13,23:00,-67.69000244140625,3,-22.316164
2026-02-14,00:00,-7.2900390625,4,-10.701138
2026-02-14,01:00,-22.970001220703125,3,20.497261
2026-02-14,02:00,-106.47998046875,3,36.48881
2026-02-14,03:00,-25.100006103515625,3,44.01995
2026-02-14,04:00,-14.720001220703125,3,33.0522
2026-02-14,05:00,9.649993896484375,3,36.009434
2026-02-14,06:00,2.089996337890625,3,26.924372
2026-02-14,07:00,-20.46002197265625,2,11.187432
2026-02-14,08:00,100.05999755859375,2,14.33897
2026-02-14,09:00,210.25999450683594,4,8.590079
2026-02-14,10:00,211.6199951171875,2,2.2045503
2026-02-14,11:00,153.22000122070312,4,-34.369827
2026-02-14,12:00,81.32999420166016,4,21.876696
2026-02-14,13:00,137.9499969482422,4,25.640564
2026-02-14,14:00,77.68000793457031,4,17.230581
2026-02-14,15:00,151.9199981689453,4,14.592927
2026-02-14,16:00,122.67000579833984,4,49.144024
2026-02-14,17:00,-10.540008544921875,4,76.18656
2026-02-14,18:00,12.0,4,76.52836
2026-02-14,19:00,71.92001342773438,4,64.1181
2026-02-14,20:00,-34.160003662109375,4,63.055927
2026-02-14,21:00,23.010009765625,4,38.658875
2026-02-14,22:00,-81.6199951171875,4,61.087986
2026-02-14,23:00,-6.269989013671875,4,22.092922
2026-02-15,00:00,-48.149993896484375,0,-37.487232
2026-02-15,01:00,-16.67999267578125,0,-27.843657
2026-02-15,02:00,-68.1099853515625,0,-32.693623
2026-02-15,03:00,-28.019989013671875,4,-33.738167
2026-02-15,04:00,-2.6500244140625,4,-39.054962
2026-02-15,05:00,-2.6199951171875,3,-33.543755
2026-02-15,06:00,-7.07000732421875,2,-27.88227
2026-02-15,07:00,-30.33001708984375,4,17.455635
2026-02-15,08:00,12.25,4,40.122032
2026-02-15,09:00,154.39999389648438,4,79.77704
2026-02-15,10:00,4.850006103515625,4,93.16045
2026-02-15,11:00,36.52000427246094,4,91.35408
2026-02-15,12:00,77.43000030517578,4,59.74178
2026-02-15,13:00,8.900001525878906,4,71.05783
2026-02-15,14:00,-29.170005798339844,4,70.86087
2026-02-15,15:00,23.709999084472656,4,64.00563
2026-02-15,16:00,46.65000915527344,4,49.927505
2026-02-15,17:00,32.850006103515625,4,0.8832986
2026-02-15,18:00,78.6400146484375,4,-20.896446
2026-02-15,19:00,-20.589996337890625,4,4.5832
2026-02-15,20:00,-10.990020751953125,4,-7.483617
2026-02-15,21:00,-26.850006103515625,4,-16.223564
2026-02-15,22:00,-19.800018310546875,0,-43.6681
2026-02-15,23:00,-73.8599853515625,4,-40.05264
2026-02-16,00:00,-174.26998901367188,0,-51.607414
2026-02-16,01:00,-96.19000244140625,0,-16.617647
2026-02-16,02:00,-80.27999877929688,0,0.34823984
2026-02-16,03:00,-36.94000244140625,4,-0.8007078
2026-02-16,04:00,-88.68002319335938,2,6.5362916
2026-02-16,05:00,-59.339996337890625,2,-4.1646686
2026-02-16,06:00,-61.44000244140625,2,-13.964471
2026-02-16,07:00,-129.02999877929688,4,-1.8450937
2026-02-16,08:00,-122.27999877929688,4,30.707424
2026-02-16,09:00,-18.72998046875,4,72.931725
2026-02-16,10:00,-60.38999938964844,4,101.386826
2026-02-16,11:00,-97.88999938964844,4,93.43204
2026-02-16,12:00,-105.50999450683594,4,59.817314
2026-02-16,13:00,-27.18000030517578,4,76.40564
2026-02-16,14:00,-74.81999206542969,4,73.60567
2026-02-16,15:00,-173.9199981689453,4,67.04392
2026-02-16,16:00,-94.11001586914062,4,61.347324
2026-02-16,17:00,8.149993896484375,4,33.14614
2026-02-16,18:00,117.79998779296875,4,-6.097722
2026-02-16,19:00,-30.540008544921875,4,8.901915
2026-02-16,20:00,-69.07000732421875,4,2.0496862
2026-02-16,21:00,-20.519989013671875,4,10.017204
2026-02-16,22:00,-44.94000244140625,4,5.582081
2026-02-16,23:00,-148.20001220703125,4,-9.110647
2026-02-17,00:00,-200.66000366210938,0,-38.036736
2026-02-17,01:00,-17.22998046875,4,2.1677265
2026-02-17,02:00,-4.970001220703125,4,11.728722
2026-02-17,03:00,-147.72000122070312,4,7.697723
2026-02-17,04:00,-11.979999542236328,4,29.560598
2026-02-17,05:00,-34.220001220703125,4,44.098164
2026-02-17,06:00,-45.23999786376953,4,41.403503
2026-02-17,07:00,-92.4000015258789,4,22.182161
2026-02-17,08:00,-371.280029296875,4,-0.74989957
2026-02-17,09:00,-387.0899963378906,4,-29.111208
2026-02-17,10:00,-251.6699981689453,4,-11.196023
2026-02-17,11:00,-335.82000732421875,4,17.16948
2026-02-17,12:00,-154.71002197265625,4,3.0297163
2026-02-17,13:00,-113.760009765625,4,17.423626
2026-02-17,14:00,-69.61000061035156,4,-6.9438267
2026-02-17,15:00,-25.029998779296875,4,2.8980756
2026-02-17,16:00,-36.459999084472656,4,5.4789577
2026-02-17,17:00,85.35000610351562,4,-23.301773
2026-02-17,18:00,78.95999145507812,4,-38.148792
2026-02-17,19:00,134.5699920654297,4,-26.633757
2026-02-17,20:00,17.860000610351562,4,-23.062532
2026-02-17,21:00,12.1300048828125,4,-11.893418
2026-02-17,22:00,-8.240020751953125,4,-26.900331
2026-02-17,23:00,6.0500030517578125,4,-24.02981
2026-02-18,00:00,130.97000122070312,4,-53.306675
2026-02-18,01:00,34.1199951171875,4,-36.825516
2026-02-18,02:00,184.82998657226562,4,-4.5015597
2026-02-18,03:00,154.74000549316406,4,-9.066746
2026-02-18,04:00,104.22999572753906,4,-4.3038073
2026-02-18,05:00,74.2199935913086,4,5.711186
2026-02-18,06:00,37.56999588012695,4,2.208034
2026-02-18,07:00,17.709991455078125,4,-5.307026
2026-02-18,08:00,-201.5900115966797,4,17.786123
2026-02-18,09:00,-385.6199951171875,4,19.572151
2026-02-18,10:00,-359.239990234375,4,14.989448
2026-02-18,11:00,-401.05999755859375,4,35.172344
2026-02-18,12:00,-275.29998779296875,4,32.17979
2026-02-18,13:00,-21.06000518798828,4,-20.381504
2026-02-18,14:00,-19.670000076293945,4,26.049715
2026-02-18,15:00,-46.22999954223633,4,39.866253
2026-02-18,16:00,-12.09999942779541,4,22.478886
2026-02-18,17:00,122.67000579833984,4,24.123823
2026-02-18,18:00,-11.930023193359375,4,20.400425
2026-02-18,19:00,-24.6300048828125,4,11.265783
2026-02-18,20:00,-34.519989013671875,4,9.718938
2026-02-18,21:00,-73.77999877929688,0,41.431953
2026-02-18,22:00,-22.279998779296875,4,-3.6840134
2026-02-18,23:00,-8.449996948242188,0,10.066731
2026-02-19,00:00,-42.31999206542969,4,-42.926136
2026-02-19,01:00,-51.25001525878906,4,22.078396
2026-02-19,02:00,-25.160003662109375,4,16.900608
2026-02-19,03:00,-23.150001525878906,4,17.921757
2026-02-19,04:00,-133.25,4,26.0544
2026-02-19,05:00,-137.510009765625,4,32.14467
2026-02-19,06:00,-77.18999481201172,4,23.104265
2026-02-19,07:00,-146.15000915527344,4,46.720398
2026-02-19,08:00,-157.79998779296875,4,41.074387
2026-02-19,09:00,-62.970001220703125,4,10.419425
2026-02-19,10:00,-123.93000030517578,4,13.865303
2026-02-19,11:00,-17.490001678466797,4,9.799091
2026-02-19,12:00,-95.72000122070312,4,7.5945845
2026-02-19,13:00,-141.75,4,-4.0276613
2026-02-19,14:00,-149.38999938964844,4,-13.48633
2026-02-19,15:00,-138.84999084472656,4,18.995415
2026-02-19,16:00,-143.98001098632812,4,-5.15831
2026-02-19,17:00,-13.639984130859375,4,-28.912983
2026-02-19,18:00,-36.8800048828125,4,3.4025836
2026-02-19,19:00,-8.27001953125,4,-2.338792
2026-02-19,20:00,-25.220001220703125,0,-27.42389
2026-02-19,21:00,-41.5,0,-21.629786
2026-02-19,22:00,-29.07000732421875,0,-51.454655
2026-02-19,23:00,-23.240020751953125,0,-42.69128
2026-02-20,00:00,23.540008544921875,0,-72.13897
2026-02-20,01:00,-95.60000610351562,0,-32.84794
2026-02-20,02:00,-40.239990234375,0,-13.718723
2026-02-20,03:00,-5.699981689453125,4,-13.037676
2026-02-20,04:00,19.639984130859375,4,0.83718276
2026-02-20,05:00,13.009979248046875,4,13.809021
2026-02-20,06:00,-16.1099853515625,0,-5.032166
2026-02-20,07:00,-93.45001220703125,0,-7.441623
2026-02-20,08:00,-74.79998779296875,4,17.303259
2026-02-20,09:00,67.70001220703125,4,59.69063
2026-02-20,10:00,94.4699935913086,4,45.85223
2026-02-20,11:00,70.10000610351562,4,32.273815
2026-02-20,12:00,-6.6100006103515625,4,52.35749
2026-02-20,13:00,-95.83999633789062,4,42.92856
2026-02-20,14:00,-103.95999908447266,4,27.610518
2026-02-20,15:00,-38.220001220703125,4,42.43502
2026-02-20,16:00,109.55000305175781,4,12.045885
2026-02-20,17:00,-14.029998779296875,4,-2.1551616
2026-02-20,18:00,24.67999267578125,4,-34.85635
2026-02-20,19:00,76.00997924804688,0,-24.43902
2026-02-20,20:00,61.6199951171875,0,-47.716625
2026-02-20,21:00,61.55999755859375,0,-44.399944
2026-02-20,22:00,40.6500244140625,0,-38.579426
2026-02-20,23:00,-43.449981689453125,0,-9.206431
2026-02-21,00:00,-54.41998291015625,0,-49.984673
2026-02-21,01:00,-10.82000732421875,0,-7.819965
2026-02-21,02:00,3.040008544921875,4,5.417415
2026-02-21,03:00,-30.040008544921875,4,7.8882494
2026-02-21,04:00,-12.720001220703125,4,3.652307
2026-02-21,05:00,-11.139984130859375,4,18.623262
2026-02-21,06:00,-71.86001586914062,4,6.9297957
2026-02-21,07:00,-75.67999267578125,4,4.4522843
2026-02-21,08:00,28.500015258789062,4,68.01035
2026-02-21,09:00,111.22999572753906,4,68.644775
2026-02-21,10:00,89.80999755859375,4,68.2472
2026-02-21,11:00,15.569999694824219,4,56.50155
2026-02-21,12:00,53.43000030517578,4,68.32638
2026-02-21,13:00,117.30000305175781,4,77.670746
2026-02-21,14:00,149.32000732421875,4,63.309055
2026-02-21,15:00,146.79000854492188,4,70.467606
2026-02-21,16:00,94.08999633789062,4,29.16174
2026-02-21,17:00,58.649993896484375,4,1.2188926
2026-02-21,18:00,132.29000854492188,4,-26.018347
2026-02-21,19:00,200.6400146484375,4,-39.858345
2026-02-21,20:00,130.97998046875,4,-11.942003
2026-02-21,21:00,139.67001342773438,4,-6.5749755
2026-02-21,22:00,112.45999145507812,0,-5.9667726
2026-02-21,23:00,3.21002197265625,0,8.67216
2026-02-22,00:00,-18.629974365234375,0,-31.163685
2026-02-22,01:00,-108.07998657226562,0,-12.062754
2026-02-22,02:00,-3.920013427734375,2,-0.104771495
2026-02-22,03:00,-14.6300048828125,0,9.115186
2026-02-22,04:00,-1.6099853515625,4,22.52499
2026-02-22,05:00,-32.33001708984375,0,16.519423
2026-02-22,06:00,-44.149993896484375,0,11.226532
2026-02-22,07:00,-87.71002197265625,0,-17.205921
2026-02-22,08:00,-32.29998779296875,4,9.02071
2026-02-22,09:00,49.510009765625,4,46.283733
2026-02-22,10:00,176.89999389648438,4,30.38129
2026-02-22,11:00,198.4600067138672,4,23.874691
2026-02-22,12:00,156.11000061035156,4,23.14727
2026-02-22,13:00,105.70000457763672,0,40.70462
2026-02-22,14:00,153.92999267578125,0,38.693245
2026-02-22,15:00,180.82000732421875,4,38.348427
2026-02-22,16:00,107.45999145507812,4,45.808563
2026-02-22,17:00,8.489990234375,4,39.21322
2026-02-22,18:00,122.29998779296875,4,49.375843
2026-02-22,19:00,199.3800048828125,4,71.536514
2026-02-22,20:00,184.60000610351562,4,79.92759
2026-02-22,21:00,108.31002807617188,4,46.431404
2026-02-22,22:00,68.35000610351562,4,2.0892797
2026-02-22,23:00,-64.989990234375,4,-27.40971
2026-02-23,00:00,-49.399993896484375,0,-47.11208
2026-02-23,01:00,-16.860015869140625,0,-12.577482
2026-02-23,02:00,-6.649993896484375,0,-12.066884
2026-02-23,03:00,-0.850006103515625,0,-11.034039
2026-02-23,04:00,-23.310012817382812,0,-8.420913
2026-02-23,05:00,-2.510009765625,0,-3.5842588
2026-02-23,06:00,-8.680007934570312,0,-16.738485
2026-02-23,07:00,-15.389999389648438,0,-33.585682
2026-02-23,08:00,206.5,0,-22.898584
2026-02-23,09:00,61.61000061035156,0,-3.79447
2026-02-23,10:00,-5.670000076293945,0,2.8375258
2026-02-23,11:00,-73.18000030517578,0,-25.536951
2026-02-23,12:00,-20.439998626708984,0,2.9348552
2026-02-23,13:00,-44.84000015258789,0,9.013187
2026-02-23,14:00,42.439998626708984,0,23.65843
2026-02-23,15:00,54.769996643066406,0,36.71896
2026-02-23,16:00,97.93000030517578,0,2.9470272
2026-02-23,17:00,47.43000793457031,4,-5.9626985
2026-02-23,18:00,-7.139984130859375,4,5.0452733
2026-02-23,19:00,60.53999328613281,4,16.009127
2026-02-23,20:00,33.21002197265625,4,14.427514
2026-02-23,21:00,47.720001220703125,4,1.084645
2026-02-23,22:00,37.62001037597656,4,7.3514585
2026-02-23,23:00,15.790008544921875,0,-10.472653
2026-02-24,00:00,-50.42999267578125,0,-17.639961
2026-02-24,01:00,7.420013427734375,0,-8.929257
2026-02-24,02:00,2.910003662109375,0,14.387922
2026-02-24,03:00,9.770004272460938,4,15.047057
2026-02-24,04:00,9.809982299804688,0,8.728006
2026-02-24,05:00,4.649993896484375,0,10.944759
2026-02-24,06:00,-7.79998779296875,0,-29.399385
2026-02-24,07:00,-38.3900146484375,0,-28.30986
2026-02-24,08:00,-73.72000122070312,0,-44.6141
2026-02-24,09:00,-57.33001708984375,0,-38.224308
2026-02-24,10:00,-30.46002197265625,4,-19.312243
2026-02-24,11:00,51.910003662109375,4,5.7578707
2026-02-24,12:00,-16.990005493164062,4,28.318872
2026-02-24,13:00,-38.62998962402344,4,18.726051
2026-02-24,14:00,-66.34001159667969,4,33.648556
2026-02-24,15:00,23.729995727539062,0,17.395899
2026-02-24,16:00,-39.589996337890625,4,22.92302
2026-02-24,17:00,-11.709991455078125,4,27.197615
2026-02-24,18:00,84.52999877929688,4,27.81791
2026-02-24,19:00,127.8800048828125,4,74.43142
2026-02-24,20:00,167.33999633789062,4,45.041424
2026-02-24,21:00,126.82000732421875,4,17.056438
2026-02-24,22:00,83.3800048828125,4,3.050603
2026-02-24,23:00,-35.69000244140625,0,-7.237052
2026-02-25,00:00,21.089996337890625,0,-0.8061212
2026-02-25,01:00,0.959991455078125,4,5.2858105
2026-02-25,02:00,-27.110015869140625,4,0.552094
2026-02-25,03:00,-5.899993896484375,4,7.3519797
2026-02-25,04:00,-7.94000244140625,4,34.475784
2026-02-25,05:00,-1.899993896484375,4,33.796997
2026-02-25,06:00,-9.300018310546875,4,22.754984
2026-02-25,07:00,-39.07000732421875,4,2.6905417
2026-02-25,08:00,-15.79998779296875,4,15.113556
2026-02-25,09:00,16.389984130859375,4,38.066864
2026-02-25,10:00,79.66999816894531,4,55.141594
2026-02-25,11:00,5.399993896484375,4,61.627823
2026-02-25,12:00,2.0399932861328125,4,79.615036
2026-02-25,13:00,-2.350006103515625,4,100.188805
2026-02-25,14:00,-1.69000244140625,4,91.41953
2026-02-25,15:00,6.0800018310546875,4,62.523632
2026-02-25,16:00,-6.5,4,30.699629
2026-02-25,17:00,-9.529998779296875,4,15.490761
2026-02-25,18:00,7.160003662109375,4,33.450924
2026-02-25,19:00,-24.3800048828125,4,72.272064
2026-02-25,20:00,8.8900146484375,4,56.765804
2026-02-25,21:00,15.20001220703125,4,30.682077
2026-02-25,22:00,18.519989013671875,4,14.0943365
2026-02-25,23:00,-2.69000244140625,4,16.77138
2026-02-26,00:00,-6.010009765625,4,1.9849541
2026-02-26,01:00,4.030029296875,4,26.328102
2026-02-26,02:00,4.94000244140625,3,25.219522
2026-02-26,03:00,5.269989013671875,3,13.138717
2026-02-26,04:00,5.230010986328125,4,22.201708
2026-02-26,05:00,8.449996948242188,4,19.902098
2026-02-26,06:00,-1.3900146484375,4,16.984053
2026-02-26,07:00,-16.82000732421875,0,-1.5748131
2026-02-26,08:00,-35.230010986328125,0,-13.696298
2026-02-26,09:00,-45.3800048828125,0,-2.646681
2026-02-26,10:00,-25.199981689453125,4,-14.85236
2026-02-26,11:00,-12.399993896484375,0,-12.123573
2026-02-26,12:00,-19.789993286132812,0,13.629318
2026-02-26,13:00,-25.910003662109375,0,21.881327
2026-02-26,14:00,-47.49000549316406,4,29.888344
2026-02-26,15:00,-16.479995727539062,4,14.929193
2026-02-26,16:00,-20.1099853515625,4,10.686358
2026-02-26,17:00,-26.139984130859375,4,1.015713
2026-02-26,18:00,19.19000244140625,4,23.222889
2026-02-26,19:00,11.860015869140625,4,3.842269
2026-02-26,20:00,75.42999267578125,4,18.450632
2026-02-26,21:00,68.67999267578125,4,-4.6430235
2026-02-26,22:00,22.389984130859375,4,-4.1663713
2026-02-26,23:00,-19.5,2,-9.981474
2026-02-27,00:00,13.8499755859375,0,-15.0950985
2026-02-27,01:00,-7.510009765625,4,7.1194816
2026-02-27,02:00,-4.480010986328125,4,19.61845
2026-02-27,03:00,2.040008544921875,2,34.551147
2026-02-27,04:00,3.989990234375,3,26.27947
2026-02-27,05:00,-3.050018310546875,4,23.533499
2026-02-27,06:00,0.3499755859375,2,13.142619
2026-02-27,07:00,12.649993896484375,2,3.5171337
2026-02-27,08:00,69.6400146484375,0,-15.907791
2026-02-27,09:00,109.69998168945312,0,-41.000656
2026-02-27,10:00,115.3800048828125,0,-32.84491
2026-02-27,11:00,72.13998413085938,4,-3.9868283
2026-02-27,12:00,92.07000732421875,4,37.290993
2026-02-27,13:00,78.63999938964844,4,42.419575
2026-02-27,14:00,59.260009765625,4,38.190758
2026-02-27,15:00,38.310028076171875,4,35.713875
2026-02-27,16:00,70.42999267578125,4,42.820316
2026-02-27,17:00,82.18002319335938,4,28.84662
2026-02-27,18:00,137.77001953125,4,31.145948
2026-02-27,19:00,151.11001586914062,4,16.30803
2026-02-27,20:00,102.04998779296875,4,0.77803034
2026-02-27,21:00,100.48001098632812,4,-14.822789
2026-02-27,22:00,11.5,4,7.390161
2026-02-27,23:00,22.90997314453125,4,6.7077637
2026-02-28,00:00,36.079986572265625,0,24.144554
2026-02-28,01:00,12.579986572265625,4,20.645832
2026-02-28,02:00,17.1199951171875,4,21.852444
2026-02-28,03:00,12.75,4,36.77637
2026-02-28,04:00,10.8599853515625,4,35.601135
2026-02-28,05:00,10.850006103515625,4,46.60055
2026-02-28,06:00,8.57000732421875,4,33.41031
2026-02-28,07:00,10.989990234375,2,32.12748
2026-02-28,08:00,9.829986572265625,4,8.408089
2026-02-28,09:00,8.33001708984375,4,7.021681
2026-02-28,10:00,3.300018310546875,4,-0.7269718
2026-02-28,11:00,7.079986572265625,4,28.068813
2026-02-28,12:00,16.790008544921875,4,22.073483
2026-02-28,13:00,11.600006103515625,4,15.356387
2026-02-28,14:00,49.3800048828125,4,14.591697
2026-02-28,15:00,4.959991455078125,4,36.05067
2026-02-28,16:00,6.30999755859375,4,7.7108693
2026-02-28,17:00,50.1400146484375,4,10.660143
2026-02-28,18:00,69.25,4,10.921863
2026-02-28,19:00,59.720001220703125,4,32.74374
2026-02-28,20:00,56.77001953125,4,12.91648
2026-02-28,21:00,36.95001220703125,4,2.6375184
2026-02-28,22:00,18.639984130859375,4,2.5860286
2026-02-28,23:00,15.589996337890625,4,22.11039
2026-03-01,00:00,83.57998657226562,4,30.645784
2026-03-01,01:00,16.550018310546875,4,43.72975
2026-03-01,02:00,14.69000244140625,4,34.453102
2026-03-01,03:00,8.57000732421875,4,22.897566
2026-03-01,04:00,10.739990234375,4,34.719067
2026-03-01,05:00,17.19000244140625,4,19.022558
2026-03-01,06:00,16.389984130859375,2,2.1000192
2026-03-01,07:00,17.480010986328125,2,1.5514603
2026-03-01,08:00,14.19000244140625,0,-23.387863
2026-03-01,09:00,27.089996337890625,0,-16.735146
2026-03-01,10:00,41.97999572753906,0,-2.7037935
2026-03-01,11:00,21.92999267578125,0,0.09039762
2026-03-01,12:00,32.19999694824219,0,5.088372
2026-03-01,13:00,0.100006103515625,0,-26.598154
2026-03-01,14:00,19.449996948242188,0,-32.26236
2026-03-01,15:00,54.899993896484375,0,-5.7841988
2026-03-01,16:00,27.900009155273438,0,4.224021
2026-03-01,17:00,7.07000732421875,0,12.270615
2026-03-01,18:00,22.8800048828125,0,0.90241945
2026-03-01,19:00,31.139984130859375,0,-13.32954
2026-03-01,20:00,2.170013427734375,4,-1.9167888
2026-03-01,21:00,17.199981689453125,4,11.886753
2026-03-01,22:00,-2.3800048828125,4,2.85959
2026-03-01,23:00,4.33001708984375,0,-26.162209
2026-03-02,00:00,-8.54998779296875,0,-22.566214
2026-03-02,01:00,-10.83001708984375,2,-22.231792
2026-03-02,02:00,-8.779998779296875,2,-25.144558
2026-03-02,03:00,-7.760009765625,2,-21.308937
2026-03-02,04:00,-5.529998779296875,2,-13.698405
2026-03-02,05:00,-4.470001220703125,2,-2.4187074
2026-03-02,06:00,-21.67999267578125,2,-1.4051361
2026-03-02,07:00,-30.19000244140625,3,-0.1351669
2026-03-02,08:00,-30.83001708984375,4,-10.037774
2026-03-02,09:00,-42.16998291015625,4,28.701944
2026-03-02,10:00,-66.70001220703125,4,66.0551
2026-03-02,11:00,8.30999755859375,4,68.45018
2026-03-02,12:00,74.92999267578125,4,51.814156
2026-03-02,13:00,61.25999450683594,4,40.996357
2026-03-02,14:00,3.010009765625,4,46.761295
2026-03-02,15:00,-49.03997802734375,4,51.780075
2026-03-02,16:00,-200.65997314453125,4,72.89561
2026-03-02,17:00,-214.52001953125,4,88.16549
2026-03-02,18:00,-27.72998046875,4,86.372375
2026-03-02,19:00,-389.260009765625,4,131.21945
2026-03-02,20:00,-132.07000732421875,4,77.36527
2026-03-02,21:00,-181.52999877929688,4,56.11464
2026-03-02,22:00,-4.19000244140625,4,39.239017
2026-03-02,23:00,13.839996337890625,4,43.997753
2026-03-03,00:00,23.69000244140625,4,46.872047
2026-03-03,01:00,-1.610015869140625,4,41.334183
2026-03-03,02:00,1.769989013671875,4,34.329308
2026-03-03,03:00,14.6199951171875,4,43.370262
2026-03-03,04:00,28.3699951171875,4,50.630974
2026-03-03,05:00,-6.959991455078125,4,53.82946
2026-03-03,06:00,38.06999206542969,4,34.57391
2026-03-03,07:00,5.8699951171875,3,6.9154644
2026-03-03,08:00,20.970001220703125,4,11.273341
2026-03-03,09:00,56.269989013671875,4,34.638172
2026-03-03,10:00,-6.3899993896484375,4,43.05572
2026-03-03,11:00,-6.5,4,46.701904
2026-03-03,12:00,-10.199996948242188,4,46.030952
2026-03-03,13:00,-1.7400054931640625,4,40.98328
2026-03-03,14:00,18.400009155273438,4,49.40281
2026-03-03,15:00,23.419998168945312,4,45.035164
2026-03-03,16:00,46.709991455078125,4,40.944023
2026-03-03,17:00,28.039993286132812,4,39.073963
2026-03-03,18:00,60.52000427246094,4,27.018744
2026-03-03,19:00,82.04998779296875,4,54.63706
2026-03-03,20:00,73.06999206542969,4,31.374573
2026-03-03,21:00,62.03999328613281,4,38.24446
2026-03-03,22:00,72.99000549316406,4,19.630539
2026-03-03,23:00,39.05000305175781,4,19.398829
2026-03-04,00:00,26.279998779296875,4,-2.8413153
2026-03-04,01:00,28.91998291015625,4,32.14597
2026-03-04,02:00,40.24000549316406,4,29.33281
2026-03-04,03:00,107.72999572753906,4,31.024448
2026-03-04,04:00,133.25,4,30.432646
2026-03-04,05:00,97.30000305175781,4,16.782925
2026-03-04,06:00,58.83998107910156,4,20.31947
2026-03-04,07:00,42.05999755859375,4,5.736336
2026-03-04,08:00,62.240020751953125,0,-11.73581
2026-03-04,09:00,48.83001708984375,0,-4.7916226
2026-03-04,10:00,37.70001220703125,0,18.63952
2026-03-04,11:00,-101.94000244140625,0,-8.864117
2026-03-04,12:00,-1.649993896484375,0,-20.69405
2026-03-04,13:00,-33.050018310546875,4,-25.424028
2026-03-04,14:00,-44.160003662109375,4,14.060296
2026-03-04,15:00,30.6099853515625,4,32.21394
2026-03-04,16:00,14.489990234375,4,16.060846
2026-03-04,17:00,65.73001098632812,4,18.265438
2026-03-04,18:00,80.4000244140625,4,16.34407
2026-03-04,19:00,54.530029296875,4,61.420197
2026-03-04,20:00,68.27001953125,4,24.934374
2026-03-04,21:00,35.52001953125,4,23.83619
2026-03-04,22:00,25.839996337890625,4,18.60592
2026-03-04,23:00,2.3699951171875,2,6.6453805
2026-03-05,00:00,21.95001220703125,3,4.0129066
2026-03-05,01:00,1.97998046875,4,15.016587
2026-03-05,02:00,2.6300048828125,4,23.232298
2026-03-05,03:00,2.57000732421875,4,33.22936
2026-03-05,04:00,5.970001220703125,4,29.336365
2026-03-05,05:00,10.420013427734375,4,28.611235
2026-03-05,06:00,2.029998779296875,4,4.9817934
2026-03-05,07:00,-7.3699951171875,2,7.3205376
2026-03-05,08:00,0.8800048828125,4,7.6502857
2026-03-05,09:00,48.899993896484375,4,49.164326
2026-03-05,10:00,149.04000854492188,4,54.22547
2026-03-05,11:00,157.44998168945312,4,55.60415
2026-03-05,12:00,176.6300048828125,4,81.94675
2026-03-05,13:00,127.55000305175781,4,78.48584
2026-03-05,14:00,43.84999084472656,4,52.816593
2026-03-05,15:00,4.850006103515625,4,49.37137
2026-03-05,16:00,25.19000244140625,4,31.41457
2026-03-05,17:00,87.8900146484375,4,60.73919
2026-03-05,18:00,49.989990234375,4,91.07778
2026-03-05,19:00,-171.2099609375,4,146.53531
2026-03-05,20:00,-31.0,4,71.56169
2026-03-05,21:00,-19.70001220703125,4,69.183464
2026-03-05,22:00,-35.399993896484375,4,39.920757
2026-03-05,23:00,23.959991455078125,4,12.717486
2026-03-06,00:00,3.05999755859375,4,19.836763
2026-03-06,01:00,5.029998779296875,4,24.368935
2026-03-06,02:00,24.83001708984375,3,37.864567
2026-03-06,03:00,31.029998779296875,3,36.641262
2026-03-06,04:00,22.19000244140625,3,45.49102
2026-03-06,05:00,24.420013427734375,4,39.920647
2026-03-06,06:00,8.82000732421875,3,36.117126
2026-03-06,07:00,0.71002197265625,2,23.775928
2026-03-06,08:00,33.1099853515625,4,43.425125
2026-03-06,09:00,56.3699951171875,4,35.161884
2026-03-06,10:00,2.3000030517578125,4,42.119423
2026-03-06,11:00,8.149993896484375,4,55.564747
2026-03-06,12:00,72.37000274658203,4,15.814126
2026-03-06,13:00,-8.32000732421875,4,-2.202215
2026-03-06,14:00,-0.0699920654296875,4,60.848724
2026-03-06,15:00,39.05000305175781,4,58.524525
2026-03-06,16:00,-7.6300048828125,4,-4.1367474
2026-03-06,17:00,-0.540008544921875,4,-39.378414
2026-03-06,18:00,9.579986572265625,4,-65.19042
2026-03-06,19:00,-64.05999755859375,4,-27.014444
2026-03-06,20:00,-94.54000854492188,4,-76.97072
2026-03-06,21:00,27.6300048828125,4,-48.78106
2026-03-06,22:00,15.850006103515625,4,2.4061515
2026-03-06,23:00,-8.5999755859375,2,6.582537
2026-03-07,00:00,-17.95001220703125,3,-37.945236
2026-03-07,01:00,2.66998291015625,4,-25.316587
2026-03-07,02:00,16.91998291015625,4,-6.7362795
2026-03-07,03:00,13.8800048828125,4,23.120113
2026-03-07,04:00,24.189987182617188,4,15.208996
2026-03-07,05:00,21.729995727539062,4,17.786194
2026-03-07,06:00,20.989990234375,3,19.185097
2026-03-07,07:00,-0.600006103515625,4,25.329689
2026-03-07,08:00,29.329986572265625,0,20.998442
2026-03-07,09:00,74.58998107910156,0,16.715303
2026-03-07,10:00,118.10999298095703,4,28.724167
2026-03-07,11:00,98.0,0,43.89873
2026-03-07,12:00,66.70999908447266,0,21.746971
2026-03-07,13:00,3.9199981689453125,0,25.968945
2026-03-07,14:00,-2.1300048828125,4,58.02657
2026-03-07,15:00,40.17999267578125,4,64.71711
2026-03-07,16:00,48.739990234375,0,58.838795
2026-03-07,17:00,58.100006103515625,4,28.025335
2026-03-07,18:00,198.32000732421875,0,10.984648
2026-03-07,19:00,171.27999877929688,4,-7.7124157
2026-03-07,20:00,106.93002319335938,0,-12.180161
2026-03-07,21:00,88.33001708984375,0,-5.07809
2026-03-07,22:00,25.22998046875,0,-12.417975
2026-03-07,23:00,24.71002197265625,0,8.392154
2026-03-08,00:00,22.529998779296875,4,15.089082
2026-03-08,01:00,24.920013427734375,4,42.786335
2026-03-08,02:00,22.240020751953125,4,43.466927
2026-03-08,03:00,22.610015869140625,4,41.741444
2026-03-08,04:00,4.6099853515625,4,49.525764
2026-03-08,05:00,4.55999755859375,4,53.255684
2026-03-08,06:00,21.819992065429688,4,36.10181
2026-03-08,07:00,10.740005493164062,4,28.3676
2026-03-08,08:00,7.220001220703125,4,31.333529
2026-03-08,09:00,7.5399932861328125,4,70.41138
2026-03-08,10:00,29.989990234375,4,55.148846
2026-03-08,11:00,8.920013427734375,4,45.991978
2026-03-08,12:00,-26.580001831054688,4,27.10285
2026-03-08,13:00,-10.010002136230469,4,40.573067
2026-03-08,14:00,84.26998901367188,4,55.55922
2026-03-08,15:00,21.199996948242188,4,69.40609
2026-03-08,16:00,26.939987182617188,4,49.83701
2026-03-08,17:00,12.83001708984375,4,24.032906
2026-03-08,18:00,59.6400146484375,4,29.708466
2026-03-08,19:00,-48.32000732421875,4,72.07202
2026-03-08,20:00,12.199951171875,4,42.860943
2026-03-08,21:00,-69.94000244140625,4,39.877068
2026-03-08,22:00,4.29998779296875,4,3.7470741
2026-03-08,23:00,5.29998779296875,4,29.196938
2026-03-09,00:00,-11.92999267578125,4,35.789005
2026-03-09,01:00,4.1300048828125,4,42.38058
2026-03-09,02:00,7.589996337890625,4,42.756363
2026-03-09,03:00,7.08001708984375,4,47.32293
2026-03-09,04:00,32.62998962402344,4,54.49202
2026-03-09,05:00,26.339996337890625,4,62.35424
2026-03-09,06:00,1.459991455078125,4,52.59523
2026-03-09,07:00,24.029998779296875,4,6.2739697
2026-03-09,08:00,107.16000366210938,4,16.58524
2026-03-09,09:00,94.20999145507812,4,39.023872
2026-03-09,10:00,40.230010986328125,4,43.525463
2026-03-09,11:00,50.24998474121094,4,19.366093
2026-03-09,12:00,56.16999816894531,4,17.730574
2026-03-09,13:00,33.449981689453125,4,21.595427
2026-03-09,14:00,39.40998840332031,4,47.68592
2026-03-09,15:00,22.300018310546875,4,32.463768
2026-03-09,16:00,20.02001953125,4,33.788685
2026-03-09,17:00,183.97000122070312,4,23.973236
2026-03-09,18:00,369.0699768066406,4,21.472006
2026-03-09,19:00,313.32000732421875,4,31.520683
2026-03-09,20:00,275.9200134277344,4,13.5619135
2026-03-09,21:00,117.5,4,-13.205365
2026-03-09,22:00,21.029998779296875,4,16.192545
2026-03-09,23:00,7.33001708984375,4,30.910633
2026-03-10,00:00,-1.3699951171875,4,17.382156
2026-03-10,01:00,20.8800048828125,4,32.641537
2026-03-10,02:00,17.899993896484375,4,31.013891
2026-03-10,03:00,16.410003662109375,4,55.13484
2026-03-10,04:00,26.029983520507812,4,58.991646
2026-03-10,05:00,22.620010375976562,4,54.863586
2026-03-10,06:00,13.92999267578125,4,29.932102
2026-03-10,07:00,-6.07000732421875,0,4.9509487
2026-03-10,08:00,-79.02999877929688,0,-1.1281959
2026-03-10,09:00,-10.28997802734375,0,-19.648296
2026-03-10,10:00,-111.73001098632812,4,-36.67065
2026-03-10,11:00,10.209991455078125,0,-26.538822
2026-03-10,12:00,-20.800018310546875,0,-0.15333113
2026-03-10,13:00,-87.72000122070312,0,-6.0862737
2026-03-10,14:00,-100.98001098632812,4,0.1517131
2026-03-10,15:00,-11.639984130859375,4,21.325666
2026-03-10,16:00,50.089996337890625,4,-16.327663
2026-03-10,17:00,119.05999755859375,4,-29.852093
2026-03-10,18:00,270.78997802734375,4,-0.6572019
2026-03-10,19:00,417.9800109863281,4,34.657005
2026-03-10,20:00,285.97003173828125,4,-7.550487
2026-03-10,21:00,208.29998779296875,4,1.4341757
2026-03-10,22:00,58.230010986328125,4,0.18180063
2026-03-10,23:00,14.75,4,-7.170206
2026-03-11,00:00,-54.459991455078125,4,-26.597212
2026-03-11,01:00,11.8800048828125,4,-17.821611
2026-03-11,02:00,14.930023193359375,4,-24.427595
2026-03-11,03:00,16.29998779296875,4,-9.947684
2026-03-11,04:00,15.010009765625,4,3.0464444
2026-03-11,05:00,19.8800048828125,3,14.407556
2026-03-11,06:00,2.69000244140625,3,13.971629
2026-03-11,07:00,-27.29998779296875,0,-17.693714
2026-03-11,08:00,13.54998779296875,4,-16.467566
2026-03-11,09:00,60.29998779296875,4,31.321844
2026-03-11,10:00,119.8800048828125,4,51.456924
2026-03-11,11:00,58.290008544921875,4,58.105145
2026-03-11,12:00,47.41999816894531,4,50.09705
2026-03-11,13:00,51.32000732421875,4,36.60137
2026-03-11,14:00,42.72999572753906,4,17.46497
2026-03-11,15:00,56.589996337890625,4,23.523417
2026-03-11,16:00,7.420013427734375,4,5.7885227
2026-03-11,17:00,26.519989013671875,4,39.868336
2026-03-11,18:00,195.17999267578125,4,45.70159
2026-03-11,19:00,55.72003173828125,4,26.330694
2026-03-11,20:00,399.0899963378906,4,20.815062
2026-03-11,21:00,173.37997436523438,4,-13.265883
2026-03-11,22:00,29.19000244140625,4,-20.322672
2026-03-11,23:00,8.530029296875,0,-37.56483
2026-03-12,00:00,-34.989990234375,0,-43.86675
2026-03-12,01:00,-4.269989013671875,4,4.3857512
2026-03-12,02:00,-2.70001220703125,4,18.020905
2026-03-12,03:00,-0.100006103515625,3,18.028444
2026-03-12,04:00,0.16998291015625,3,16.671099
2026-03-12,05:00,0.089996337890625,3,11.925339
2026-03-12,06:00,1.55999755859375,2,-5.9448414
2026-03-12,07:00,-5.79998779296875,2,10.093383
2026-03-12,08:00,114.50999450683594,4,45.927612
2026-03-12,09:00,126.30001831054688,4,54.048737
2026-03-12,10:00,47.34001159667969,4,56.12166
2026-03-12,11:00,141.6199951171875,4,48.579052
2026-03-12,12:00,141.41000366210938,4,37.20531
2026-03-12,13:00,109.25,4,32.737427
2026-03-12,14:00,161.62998962402344,4,37.40004
2026-03-12,15:00,57.11000061035156,4,53.512474
2026-03-12,16:00,62.6300048828125,4,50.99098
2026-03-12,17:00,-66.23001098632812,4,63.7209
2026-03-12,18:00,-50.08001708984375,4,62.43107
2026-03-12,19:00,-223.71002197265625,4,112.541046
2026-03-12,20:00,-35.3699951171875,4,52.920925
2026-03-12,21:00,-58.300018310546875,4,45.007034
2026-03-12,22:00,-0.670013427734375,4,4.5894833
2026-03-12,23:00,-4.699981689453125,4,-19.394743
2026-03-13,00:00,-9.899993896484375,4,-12.251542
2026-03-13,01:00,-15.17999267578125,4,5.850229
2026-03-13,02:00,-1.550018310546875,4,37.25267
2026-03-13,03:00,7.05999755859375,4,30.692755
2026-03-13,04:00,8.479995727539062,4,31.331852
2026-03-13,05:00,5.7299957275390625,4,38.459164
2026-03-13,06:00,-0.529998779296875,4,-2.044906
2026-03-13,07:00,13.540008544921875,4,4.4280467
2026-03-13,08:00,-15.05999755859375,4,27.713663
2026-03-13,09:00,-110.73001098632812,4,75.02006
2026-03-13,10:00,-64.43000030517578,4,38.3575
2026-03-13,11:00,-37.33000183105469,4,23.02504
2026-03-13,12:00,-4.950000762939453,4,19.222387
2026-03-13,13:00,15.800003051757812,4,20.614452
2026-03-13,14:00,26.23999786376953,4,46.002075
2026-03-13,15:00,-22.230003356933594,4,50.856384
2026-03-13,16:00,-2.0200042724609375,4,73.67714
2026-03-13,17:00,-28.720001220703125,4,60.49488
2026-03-13,18:00,-72.41998291015625,4,55.616314
2026-03-13,19:00,-373.1199951171875,4,-19.455654
2026-03-13,20:00,-304.6200256347656,4,-10.334048
2026-03-13,21:00,-201.77001953125,4,32.317596
2026-03-13,22:00,20.829986572265625,4,-14.948888
2026-03-13,23:00,3.0800018310546875,4,-11.199708
2026-03-14,00:00,-30.279998779296875,4,-40.685707
2026-03-14,01:00,-8.230010986328125,4,-12.139377
2026-03-14,02:00,-15.80999755859375,4,-5.2421722
2026-03-14,03:00,-11.670013427734375,4,-1.9838057
2026-03-14,04:00,-14.659988403320312,4,9.900926
2026-03-14,05:00,-14.029983520507812,4,-10.006932
2026-03-14,06:00,11.230010986328125,4,-29.163263
2026-03-14,07:00,34.30000305175781,3,-18.6374
2026-03-14,08:00,63.839996337890625,0,-16.384558
2026-03-14,09:00,61.709991455078125,4,0.4860482
2026-03-14,10:00,43.36000061035156,4,14.718163
2026-03-14,11:00,20.110000610351562,0,-27.508644
2026-03-14,12:00,-14.89000129699707,4,-8.844555
2026-03-14,13:00,76.87000274658203,4,-5.1022468
2026-03-14,14:00,45.83000183105469,4,-21.148989
2026-03-14,15:00,32.230003356933594,4,-17.938822
2026-03-14,16:00,-11.970001220703125,4,0.89718354
2026-03-14,17:00,26.94000244140625,4,19.978233
2026-03-14,18:00,101.57000732421875,0,-9.309593
2026-03-14,19:00,179.13998413085938,4,-50.415455
2026-03-14,20:00,-18.959991455078125,0,-29.791998
2026-03-14,21:00,-112.58999633789062,0,-24.671947
2026-03-14,22:00,-20.75,0,-32.519634
2026-03-14,23:00,-19.160003662109375,4,-27.75484
2026-03-15,00:00,-29.649993896484375,0,-61.75507
2026-03-15,01:00,-10.139984130859375,0,-39.99614
2026-03-15,02:00,3.510009765625,0,-12.21777
2026-03-15,03:00,5.769989013671875,3,-20.63853
2026-03-15,04:00,39.899993896484375,3,-15.348011
2026-03-15,05:00,5.339996337890625,3,-11.974234
2026-03-15,06:00,5.420013427734375,2,-30.136515
2026-03-15,07:00,-1.489990234375,3,-21.676903
2026-03-15,08:00,141.1800079345703,4,10.671591
2026-03-15,09:00,127.82999420166016,4,10.507146
2026-03-15,10:00,140.70001220703125,4,7.3017116
2026-03-15,11:00,30.909996032714844,4,5.695178
2026-03-15,12:00,56.519996643066406,4,30.833633
2026-03-15,13:00,41.0,4,51.435726
2026-03-15,14:00,10.120002746582031,4,54.76289
2026-03-15,15:00,74.95000457763672,4,59.84508
2026-03-15,16:00,19.259994506835938,4,12.8099785
2026-03-15,17:00,6.829986572265625,4,6.453863
2026-03-15,18:00,21.759979248046875,0,5.950753
2026-03-15,19:00,44.0,0,-16.844168
2026-03-15,20:00,17.489990234375,4,11.704857
2026-03-15,21:00,43.69000244140625,4,-31.477816
2026-03-15,22:00,7.6300048828125,4,-24.386398
2026-03-15,23:00,4.3900146484375,0,-63.763264
2026-03-16,00:00,6.69000244140625,0,-9.270245
2026-03-16,01:00,15.8800048828125,3,-30.382496
2026-03-16,02:00,11.339996337890625,3,-30.383724
2026-03-16,03:00,10.989990234375,3,-27.518383
2026-03-16,04:00,6.769989013671875,3,-21.360897
2026-03-16,05:00,2.8800048828125,2,-27.988708
2026-03-16,06:00,1.0,2,-38.630867
2026-03-16,07:00,-3.029998779296875,2,-18.895933
2026-03-16,08:00,34.08001708984375,4,2.473857
2026-03-16,09:00,80.90998840332031,4,39.645966
2026-03-16,10:00,100.90000915527344,4,42.08443
2026-03-16,11:00,76.50000762939453,4,18.705557
2026-03-16,12:00,121.25999450683594,4,23.205446
2026-03-16,13:00,64.72999572753906,4,14.707094
2026-03-16,14:00,130.86000061035156,4,31.84184
2026-03-16,15:00,5.779998779296875,4,56.91336
2026-03-16,16:00,16.3900146484375,4,20.706661
2026-03-16,17:00,16.97998046875,4,38.627304
2026-03-16,18:00,104.68997192382812,4,-9.141399
2026-03-16,19:00,167.47998046875,4,1.9305845
2026-03-16,20:00,-8.19000244140625,4,59.642895
2026-03-16,21:00,-239.44000244140625,4,-29.342838
2026-03-16,22:00,-42.069976806640625,4,-6.8946986
2026-03-16,23:00,-4.3900146484375,3,-4.120829
2026-03-17,00:00,-21.75,0,-23.219307
2026-03-17,01:00,3.80999755859375,4,-3.325985
2026-03-17,02:00,-2.29998779296875,4,-10.983962
2026-03-17,03:00,0.149993896484375,3,-6.6354375
2026-03-17,04:00,3.6099853515625,3,-1.8066509
2026-03-17,05:00,0.05999755859375,3,-2.1362271
2026-03-17,06:00,-11.1500244140625,2,-3.0330968
2026-03-17,07:00,-7.329986572265625,2,-19.881712
2026-03-17,08:00,16.44000244140625,3,18.064707
2026-03-17,09:00,21.379989624023438,4,60.54231
2026-03-17,10:00,-6.6299896240234375,4,38.088093
2026-03-17,11:00,-11.159988403320312,4,39.976543
2026-03-17,12:00,-55.199981689453125,4,46.01737
2026-03-17,13:00,-78.27999877929688,4,39.783165
2026-03-17,14:00,-130.47999572753906,4,40.660576
2026-03-17,15:00,-119.44000244140625,4,44.08325
2026-03-17,16:00,-57.050018310546875,4,22.843195
2026-03-17,17:00,-5.8599853515625,4,31.648
2026-03-17,18:00,-78.6199951171875,4,55.47358
2026-03-17,19:00,-145.0999755859375,4,59.895267
2026-03-17,20:00,-124.69000244140625,4,70.427666
2026-03-17,21:00,-76.3800048828125,4,26.566965
2026-03-17,22:00,-21.79998779296875,4,15.242044
2026-03-17,23:00,-9.67999267578125,4,15.80737
2026-03-18,00:00,-88.3800048828125,4,-5.6598516
2026-03-18,01:00,-19.269989013671875,4,14.803251
2026-03-18,02:00,-7.20001220703125,3,10.781776
2026-03-18,03:00,-9.339996337890625,2,14.574244
2026-03-18,04:00,-8.089996337890625,3,7.909115
2026-03-18,05:00,-11.290008544921875,2,10.739716
2026-03-18,06:00,-15.760009765625,2,13.302623
2026-03-18,07:00,-6.80999755859375,2,8.061385
2026-03-18,08:00,21.58001708984375,1,10.303854
2026-03-18,09:00,32.6199951171875,4,62.21754
2026-03-18,10:00,54.1199951171875,4,45.69996
2026-03-18,11:00,59.959991455078125,4,46.306686
2026-03-18,12:00,150.0,4,70.70475
2026-03-18,13:00,27.979995727539062,4,53.80587
2026-03-18,14:00,87.16998291015625,4,60.370102
2026-03-18,15:00,59.17999267578125,4,43.347775
2026-03-18,16:00,-32.029998779296875,4,54.527714
2026-03-18,17:00,-3.079986572265625,4,88.403885
2026-03-18,18:00,-65.16000366210938,4,149.34616
2026-03-18,19:00,-97.7900390625,4,244.00676
2026-03-18,20:00,-145.510009765625,4,126.73474
2026-03-18,21:00,-201.03997802734375,4,109.43517
2026-03-18,22:00,-57.970001220703125,4,70.37944
2026-03-18,23:00,-68.58999633789062,3,28.08264
2026-03-19,00:00,-42.489990234375,4,18.22984
2026-03-19,01:00,-16.209991455078125,4,26.579569
2026-03-19,02:00,-14.920013427734375,2,15.998334
2026-03-19,03:00,-6.970001220703125,2,20.612381
2026-03-19,04:00,-5.0999755859375,2,20.58316
2026-03-19,05:00,-6.100006103515625,2,17.788221
2026-03-19,06:00,-14.970001220703125,2,6.8524256
2026-03-19,07:00,-11.959991455078125,4,25.986446
2026-03-19,08:00,-40.82000732421875,4,42.328835
2026-03-19,09:00,37.6500244140625,4,91.70687
2026-03-19,10:00,26.47998046875,4,95.63587
2026-03-19,11:00,41.489990234375,4,103.44114
2026-03-19,12:00,91.60000610351562,4,130.83421
2026-03-19,13:00,35.53999328613281,4,113.472664
2026-03-19,14:00,101.66998291015625,4,110.17536
2026-03-19,15:00,30.790008544921875,4,92.84554
2026-03-19,16:00,22.790008544921875,4,71.06377
2026-03-19,17:00,-52.269989013671875,4,103.51828
2026-03-19,18:00,-185.6099853515625,4,146.20949
2026-03-19,19:00,-0.5799560546875,4,141.41486
2026-03-19,20:00,-119.42999267578125,4,108.69974
2026-03-19,21:00,-93.98001098632812,4,68.09711
2026-03-19,22:00,-16.739990234375,4,24.134922
2026-03-19,23:00,-15.850006103515625,4,20.224405
2026-03-20,00:00,-18.0,4,27.30319
2026-03-20,01:00,-4.709991455078125,4,29.194098
2026-03-20,02:00,-13.220001220703125,3,24.160698
2026-03-20,03:00,-8.970001220703125,3,17.646715
2026-03-20,04:00,-8.410003662109375,3,16.743784
2026-03-20,05:00,-8.3900146484375,3,15.569166
2026-03-20,06:00,-28.259979248046875,3,17.605452
2026-03-20,07:00,-24.44000244140625,3,8.129612
2026-03-20,08:00,5.8800048828125,3,16.169842
2026-03-20,09:00,26.899993896484375,4,33.92218
2026-03-20,10:00,16.32000732421875,4,20.084013
2026-03-20,11:00,13.5999755859375,4,50.231213
2026-03-20,12:00,16.69000244140625,4,78.242645
2026-03-20,13:00,-60.6199951171875,4,59.417736
2026-03-20,14:00,-29.55999755859375,4,58.511986
2026-03-20,15:00,-25.569976806640625,4,51.100628
2026-03-20,16:00,-66.91998291015625,4,38.89143
2026-03-20,17:00,-81.43002319335938,4,56.16767
2026-03-20,18:00,92.17001342773438,4,99.056625
2026-03-20,19:00,175.969970703125,4,141.8039
2026-03-20,20:00,-52.220001220703125,4,82.876686
2026-03-20,21:00,1.1400146484375,4,51.4362
2026-03-20,22:00,-3.52001953125,4,11.560094
2026-03-20,23:00,-22.67999267578125,4,22.407768
2026-03-21,00:00,-38.8699951171875,4,8.860033
2026-03-21,01:00,-89.30999755859375,4,6.6408134
2026-03-21,02:00,18.07000732421875,4,15.560919
2026-03-21,03:00,-27.339996337890625,3,14.397327
2026-03-21,04:00,7.80999755859375,3,16.635637
2026-03-21,05:00,3.120025634765625,4,18.301403
2026-03-21,06:00,3.699981689453125,3,12.968814
2026-03-21,07:00,-65.08999633789062,2,6.0692964
2026-03-21,08:00,-58.69000244140625,4,10.232459
2026-03-21,09:00,-131.1600341796875,4,50.37079
2026-03-21,10:00,-99.58999633789062,4,40.446613
2026-03-21,11:00,-210.48004150390625,4,52.942062
2026-03-21,12:00,-70.22000122070312,4,80.39675
2026-03-21,13:00,-135.58001708984375,4,57.197155
2026-03-21,14:00,-77.94000244140625,4,55.20062
2026-03-21,15:00,-42.3800048828125,4,58.227478
2026-03-21,16:00,-36.600006103515625,4,45.69255
2026-03-21,17:00,-52.600006103515625,4,62.05313
2026-03-21,18:00,50.95001220703125,4,107.209946
2026-03-21,19:00,85.50997924804688,4,95.51166
2026-03-21,20:00,-104.57000732421875,4,51.31738
2026-03-21,21:00,-100.68002319335938,4,30.256374
2026-03-21,22:00,-33.329986572265625,4,17.261747
2026-03-21,23:00,-63.1300048828125,4,15.261301
2026-03-22,00:00,-60.889984130859375,0,-46.584423
2026-03-22,01:00,-9.69000244140625,0,-32.345543
2026-03-22,02:00,-0.28997802734375,4,-17.52318
2026-03-22,03:00,17.259979248046875,4,0.49222544
2026-03-22,04:00,4.769989013671875,4,-7.0600495
2026-03-22,05:00,9.220001220703125,2,-8.000549
2026-03-22,06:00,6.55999755859375,2,-10.799473
2026-03-22,07:00,5.589996337890625,0,-9.154927
2026-03-22,08:00,1.980010986328125,0,-27.32166
2026-03-22,09:00,-43.220001220703125,4,-36.744087
2026-03-22,10:00,18.8800048828125,4,-30.62298
2026-03-22,11:00,-14.07000732421875,0,-39.83158
2026-03-22,12:00,-44.6300048828125,0,-11.136978
2026-03-22,13:00,-136.13999938964844,0,-23.437824
2026-03-22,14:00,-21.709991455078125,4,-2.0843487
2026-03-22,15:00,19.030014038085938,4,1.2122457
2026-03-22,16:00,-20.509979248046875,4,0.306913
2026-03-22,17:00,-154.3800048828125,4,15.044212
2026-03-22,18:00,-90.75,4,41.523956
2026-03-22,19:00,-231.52999877929688,4,43.567684
2026-03-22,20:00,-410.95001220703125,4,15.486252
2026-03-22,21:00,-371.5199890136719,0,-7.628677
2026-03-22,22:00,-30.709991455078125,0,2.3845851
2026-03-22,23:00,-4.139984130859375,0,-11.249931
2026-03-23,00:00,-25.839996337890625,0,-21.448309
2026-03-23,01:00,-13.839996337890625,0,5.5274835
2026-03-23,02:00,-3.040008544921875,4,17.290155
2026-03-23,03:00,1.149993896484375,3,17.67123
2026-03-23,04:00,1.790008544921875,3,12.64107
2026-03-23,05:00,3.339996337890625,3,11.995253
2026-03-23,06:00,-5.30999755859375,3,5.2658997
2026-03-23,07:00,8.019989013671875,0,9.465246
2026-03-23,08:00,26.839996337890625,4,14.377848
2026-03-23,09:00,-21.75,4,19.137896
2026-03-23,10:00,-10.80999755859375,4,36.79668
2026-03-23,11:00,-5.149993896484375,4,29.31656
2026-03-23,12:00,-20.1099853515625,4,51.89301
2026-03-23,13:00,-17.6199951171875,4,17.298065
2026-03-23,14:00,-2.459991455078125,4,43.143784
2026-03-23,15:00,20.760009765625,4,17.73261
2026-03-23,16:00,-9.089996337890625,4,15.915221
2026-03-23,17:00,-50.04998779296875,4,16.244776
2026-03-23,18:00,-57.55999755859375,4,16.337446
2026-03-23,19:00,-50.8900146484375,0,10.441271
2026-03-23,20:00,-88.82998657226562,0,10.223225
2026-03-23,21:00,-26.839996337890625,0,-55.432125
2026-03-23,22:00,8.0,0,-25.847254
2026-03-23,23:00,-8.80999755859375,0,-8.818315
2026-03-24,00:00,-106.1099853515625,0,-41.082363
2026-03-24,01:00,-47.16998291015625,0,-31.80693
2026-03-24,02:00,-18.350006103515625,1,-17.502426
2026-03-24,03:00,-26.089996337890625,1,-13.15309
2026-03-24,04:00,-8.28997802734375,3,0.068686455
2026-03-24,05:00,-7.30999755859375,2,-1.1692519
2026-03-24,06:00,-37.040008544921875,2,-11.446237
2026-03-24,07:00,-83.6400146484375,0,-14.644148
2026-03-24,08:00,-67.24002075195312,0,13.56152
2026-03-24,09:00,-17.110015869140625,4,12.749329
2026-03-24,10:00,-9.889984130859375,4,27.30953
2026-03-24,11:00,-163.91000366210938,4,14.8021965
2026-03-24,12:00,3.850006103515625,4,39.563164
2026-03-24,13:00,-89.0,4,-7.445799
2026-03-24,14:00,22.05999755859375,4,-20.100657
2026-03-24,15:00,-25.70001220703125,4,-12.611708
2026-03-24,16:00,-270.84002685546875,4,-13.784318
2026-03-24,17:00,-45.740020751953125,4,-4.4299855
2026-03-24,18:00,-64.17999267578125,4,68.40091
2026-03-24,19:00,-61.22998046875,0,63.73758
2026-03-24,20:00,-116.5999755859375,0,-17.690956
2026-03-24,21:00,-65.27999877929688,0,-49.148403
2026-03-24,22:00,-10.410003662109375,0,-30.703846
2026-03-24,23:00,-24.8499755859375,0,-36.579773
2026-03-25,00:00,-144.60000610351562,0,-58.58722
2026-03-25,01:00,-88.95999145507812,0,-44.650005
2026-03-25,02:00,-13.30999755859375,1,-34.572605
2026-03-25,03:00,-0.529998779296875,3,-18.150843
2026-03-25,04:00,-4.660003662109375,3,-14.461055
2026-03-25,05:00,-5.829986572265625,2,-13.994335
2026-03-25,06:00,-23.19000244140625,2,-26.301233
2026-03-25,07:00,-14.420013427734375,0,-28.351694
2026-03-25,08:00,-19.25,0,-7.8217773
2026-03-25,09:00,-99.510009765625,4,14.682964
2026-03-25,10:00,19.529998779296875,4,-1.0785601
2026-03-25,11:00,-62.959991455078125,4,12.727546
2026-03-25,12:00,76.39999389648438,4,9.794342
2026-03-25,13:00,5.58001708984375,4,-3.3266966
2026-03-25,14:00,-81.95999145507812,4,8.5678625
2026-03-25,15:00,-29.300018310546875,4,-7.5869513
2026-03-25,16:00,-64.27999877929688,4,-7.3674035
2026-03-25,17:00,1.040008544921875,4,-22.674839
2026-03-25,18:00,-14.760009765625,0,8.813117
2026-03-25,19:00,127.0899658203125,0,17.65565
2026-03-25,20:00,-54.730010986328125,0,11.691282
2026-03-25,21:00,-79.77999877929688,0,-6.354352
2026-03-25,22:00,-26.529998779296875,0,-11.183939
2026-03-25,23:00,-18.040008544921875,0,-13.843035
2026-03-26,00:00,-108.82000732421875,0,-39.537647
2026-03-26,01:00,-57.92999267578125,2,-23.940079
2026-03-26,02:00,-6.040008544921875,1,-15.542991
2026-03-26,03:00,-6.760009765625,3,-12.536646
2026-03-26,04:00,-0.260009765625,3,-4.782367
2026-03-26,05:00,-6.970001220703125,3,-2.4923337
2026-03-26,06:00,-67.1400146484375,3,-8.017967
2026-03-26,07:00,-21.69000244140625,0,-16.863382
2026-03-26,08:00,-77.30001831054688,3,-11.882527
2026-03-26,09:00,-112.27999877929688,4,4.2194138
2026-03-26,10:00,-75.010009765625,4,12.378716
2026-03-26,11:00,-397.2499694824219,4,9.534343
2026-03-26,12:00,-1.8699951171875,4,27.964535
2026-03-26,13:00,12.540008544921875,0,3.709173
2026-03-26,14:00,10.779998779296875,4,18.224062
2026-03-26,15:00,16.230010986328125,4,13.894729
2026-03-26,16:00,-22.779998779296875,0,-3.8696222
2026-03-26,17:00,-0.540008544921875,0,22.264072
2026-03-26,18:00,28.029998779296875,4,47.21356
2026-03-26,19:00,-36.4100341796875,0,23.436527
2026-03-26,20:00,-1.82000732421875,0,4.6275096
2026-03-26,21:00,10.389984130859375,0,-0.48359594
2026-03-26,22:00,13.980010986328125,0,-0.02063792
2026-03-26,23:00,-51.45001220703125,0,-13.1001215
2026-03-27,00:00,10.029998779296875,0,-24.667284
2026-03-27,01:00,-11.3800048828125,1,-23.620436
2026-03-27,02:00,-18.19000244140625,1,-23.088833
2026-03-27,03:00,-13.04998779296875,1,-3.758983
2026-03-27,04:00,-32.769989013671875,3,-0.1006326
2026-03-27,05:00,-6.84002685546875,2,-4.1582255
2026-03-27,06:00,-34.17999267578125,2,-11.076803
2026-03-27,07:00,-52.57000732421875,1,-14.791776
2026-03-27,08:00,-271.0699768066406,0,0.82548654
2026-03-27,09:00,-145.9000244140625,4,16.011885
2026-03-27,10:00,2.25,4,11.661374
2026-03-27,11:00,-221.67001342773438,4,1.995661
2026-03-27,12:00,-4.32000732421875,4,34.21225
2026-03-27,13:00,-293.8899841308594,4,11.222041
2026-03-27,14:00,-410.59002685546875,0,7.069394
2026-03-27,15:00,-663.9200439453125,0,-3.6666665
2026-03-27,16:00,-353.8600158691406,0,-11.555037
2026-03-27,17:00,-183.77996826171875,0,-18.120974
2026-03-27,18:00,-81.92996215820312,4,14.491423
2026-03-27,19:00,18.780029296875,0,24.726173
2026-03-27,20:00,-32.3699951171875,0,-1.4329361
2026-03-27,21:00,-83.60000610351562,0,-4.332375
2026-03-27,22:00,-39.069976806640625,0,-3.1134381
2026-03-27,23:00,-153.02996826171875,0,-10.990909
2026-03-28,00:00,-304.23004150390625,0,-18.369928
2026-03-28,01:00,-561.31005859375,4,-18.211538
2026-03-28,02:00,-119.76004028320312,4,-17.43223
2026-03-28,03:00,-182.32998657226562,4,3.0334628
2026-03-28,04:00,-430.5299987792969,3,0.15861799
2026-03-28,05:00,-291.17999267578125,4,1.0038376
2026-03-28,06:00,-670.760009765625,2,-0.09673666
2026-03-28,07:00,-393.65997314453125,0,-5.4236817
2026-03-28,08:00,-355.1099853515625,0,-9.179264
2026-03-28,09:00,-208.989990234375,4,-2.012823
2026-03-28,10:00,-231.21002197265625,4,-15.692822
2026-03-28,11:00,-189.6099853515625,0,-31.136122
2026-03-28,12:00,39.02001953125,4,-2.199751
2026-03-28,13:00,-282.489990234375,0,-29.07991
2026-03-28,14:00,-428.280029296875,0,-8.801528
2026-03-28,15:00,-201.90997314453125,0,-10.8346815
2026-03-28,16:00,-273.11004638671875,0,-17.003284
2026-03-28,17:00,-280.54998779296875,0,-4.776513
2026-03-28,18:00,-134.45001220703125,0,-17.72505
2026-03-28,19:00,-333.66998291015625,0,-3.9457393
2026-03-28,20:00,-500.4200439453125,0,-22.358744
2026-03-28,21:00,-566.8600463867188,0,-20.345156
2026-03-28,22:00,-385.97998046875,0,-21.610231
2026-03-28,23:00,-525.7000122070312,0,-17.937916
2026-03-29,00:00,-182.8900146484375,0,-212.01338
2026-03-29,01:00,-126.30999755859375,0,-145.74057
2026-03-29,02:00,-146.6300048828125,0,-101.207085
2026-03-29,03:00,-73.74002075195312,0,-55.356903
2026-03-29,04:00,-42.57000732421875,0,-52.334877
2026-03-29,05:00,-152.54000854492188,1,-48.324986
2026-03-29,06:00,-252.51995849609375,0,-42.589855
2026-03-29,07:00,-381.19000244140625,0,-52.87283
2026-03-29,08:00,-204.03997802734375,0,-56.709236
2026-03-29,09:00,-110.94000244140625,0,-47.462463
2026-03-29,10:00,27.350006103515625,0,-81.10249
2026-03-29,11:00,5.610015869140625,0,-79.98099
2026-03-29,12:00,-9.59002685546875,4,-76.42487
2026-03-29,13:00,-69.10000610351562,0,-85.8228
2026-03-29,14:00,-4.489990234375,0,-85.59407
2026-03-29,15:00,-7.19000244140625,0,-86.74456
2026-03-29,16:00,-105.20001220703125,0,-74.55513
2026-03-29,17:00,-236.80996704101562,0,-69.331314
2026-03-29,18:00,-145.989990234375,0,-59.270607
2026-03-29,19:00,-613.1599731445312,0,-4.2690287
2026-03-29,20:00,-568.8500366210938,0,-41.72018
2026-03-29,21:00,-268.3599853515625,0,-32.95941
2026-03-29,22:00,-14.3800048828125,0,-14.423102
2026-03-29,23:00,24.949981689453125,0,2.4180217
2026-03-30,00:00,-179.45999145507812,0,-31.535845
2026-03-30,01:00,-81.43002319335938,4,-10.102408
2026-03-30,02:00,-46.459991455078125,4,1.2789809
2026-03-30,03:00,-81.80999755859375,3,12.272379
2026-03-30,04:00,-2.600006103515625,3,11.900633
2026-03-30,05:00,9.579986572265625,2,11.821166
2026-03-30,06:00,-10.850006103515625,2,13.405165
2026-03-30,07:00,-445.8200378417969,2,1.1386974
2026-03-30,08:00,-121.6199951171875,0,-10.142462
2026-03-30,09:00,-352.5999755859375,4,-3.9373467
2026-03-30,10:00,-131.64999389648438,4,4.9297676
2026-03-30,11:00,227.71002197265625,4,8.228046
2026-03-30,12:00,-62.170013427734375,4,48.281086
2026-03-30,13:00,-53.300018310546875,4,35.123104
2026-03-30,14:00,241.87998962402344,4,27.625427
2026-03-30,15:00,148.33999633789062,4,7.736942
2026-03-30,16:00,57.95001220703125,0,3.0082033
2026-03-30,17:00,28.92999267578125,4,23.068138
2026-03-30,18:00,-6.95001220703125,4,38.802162
2026-03-30,19:00,-98.47998046875,4,-25.51819
2026-03-30,20:00,-188.010009765625,0,-6.1690345
2026-03-30,21:00,-1.0699462890625,4,-17.574453
2026-03-30,22:00,-2.27996826171875,4,12.037917
2026-03-30,23:00,-21.209991455078125,0,1.0553852
2026-03-31,00:00,-272.4100341796875,0,-59.96713
2026-03-31,01:00,18.47998046875,0,-33.16854
2026-03-31,02:00,-57.8699951171875,0,-7.8799844
2026-03-31,03:00,71.0400390625,4,0.32169658
2026-03-31,04:00,9.03997802734375,4,2.3141487
2026-03-31,05:00,14.09002685546875,4,3.4415648
2026-03-31,06:00,-117.72998046875,0,-33.273567
2026-03-31,07:00,-156.24005126953125,0,-52.11547
2026-03-31,08:00,-9.6400146484375,0,-90.36315
2026-03-31,09:00,-81.00994873046875,4,-38.531075
2026-03-31,10:00,-185.16998291015625,4,-75.775276
2026-03-31,11:00,-192.1400146484375,0,-90.16773
2026-03-31,12:00,-28.449981689453125,4,-52.644913
2026-03-31,13:00,38.510009765625,0,-121.69715
2026-03-31,14:00,76.6700439453125,0,-123.07775
2026-03-31,15:00,-18.8900146484375,4,-144.65585
2026-03-31,16:00,-24.550048828125,4,-47.849503
2026-03-31,17:00,-130.28997802734375,4,-49.852688
2026-03-31,18:00,45.9000244140625,4,-3.9419818
2026-03-31,19:00,-17.0999755859375,4,29.062017
2026-03-31,20:00,-51.9000244140625,4,16.142698
2026-03-31,21:00,-94.45001220703125,4,15.877284
2026-03-31,22:00,0.989990234375,4,-11.120535
2026-03-31,23:00,-6.19000244140625,0,-44.392143
2026-04-01,00:00,-23.29998779296875,0,-54.0198
2026-04-01,01:00,198.01998901367188,0,-37.769676
2026-04-01,02:00,26.209991455078125,0,-14.696356
2026-04-01,03:00,142.33001708984375,4,0.18578653
2026-04-01,04:00,88.19998168945312,2,13.003092
2026-04-01,05:00,94.17001342773438,2,11.476262
2026-04-01,06:00,120.6300048828125,0,-28.758587
2026-04-01,07:00,73.010009765625,0,-47.044033
2026-04-01,08:00,169.47998046875,0,-1.1591569
2026-04-01,09:00,348.6300048828125,4,-64.9958
2026-04-01,10:00,339.30999755859375,4,-40.366566
2026-04-01,11:00,289.70001220703125,4,-28.966114
2026-04-01,12:00,267.9200134277344,4,12.153451
2026-04-01,13:00,240.02999877929688,4,-4.235043
2026-04-01,14:00,141.62001037597656,0,-9.096827
2026-04-01,15:00,52.3599853515625,0,-19.174913
2026-04-01,16:00,38.66998291015625,0,-24.40131
2026-04-01,17:00,-169.5999755859375,0,12.87076
2026-04-01,18:00,-173.07000732421875,0,22.602507
2026-04-01,19:00,-183.05999755859375,0,14.90515
2026-04-01,20:00,-223.92999267578125,0,5.983533
2026-04-01,21:00,-120.23004150390625,4,10.157046
2026-04-01,22:00,-113.3900146484375,0,7.228227
2026-04-01,23:00,-68.94000244140625,0,-3.2761493
2026-04-02,00:00,-128.3399658203125,0,-24.308086
2026-04-02,01:00,-137.84002685546875,4,-12.587538
2026-04-02,02:00,-181.22000122070312,4,12.106774
2026-04-02,03:00,-77.38998413085938,4,30.680199
2026-04-02,04:00,-82.56997680664062,4,22.774746
2026-04-02,05:00,-76.76998901367188,4,31.324585
2026-04-02,06:00,-107.58001708984375,4,17.450827
2026-04-02,07:00,-192.91000366210938,3,20.495579
2026-04-02,08:00,-167.25997924804688,0,12.881983
2026-04-02,09:00,-200.80999755859375,4,10.898457
2026-04-02,10:00,-41.850006103515625,4,-11.856475
2026-04-02,11:00,-86.58001708984375,4,-4.583624
2026-04-02,12:00,-36.489990234375,4,38.298233
2026-04-02,13:00,-58.97998046875,4,16.075882
2026-04-02,14:00,-11.990020751953125,4,38.458702
2026-04-02,15:00,-1.029998779296875,4,39.02952
2026-04-02,16:00,-4.170013427734375,4,15.467388
2026-04-02,17:00,-331.3499755859375,4,9.173677
2026-04-02,18:00,-332.8699951171875,4,18.634718
2026-04-02,19:00,-622.1099853515625,4,50.494747
2026-04-02,20:00,-496.9499816894531,4,-45.181187
2026-04-02,21:00,-319.17999267578125,4,-136.59325
2026-04-02,22:00,-132.45999145507812,4,16.172842
2026-04-02,23:00,-37.05999755859375,4,3.3535218
2026-04-03,00:00,-131.86996459960938,4,-66.50267
2026-04-03,01:00,-281.72003173828125,4,-51.88526
2026-04-03,02:00,-109.54000854492188,4,-15.841768
2026-04-03,03:00,-26.579986572265625,4,-15.087666
2026-04-03,04:00,16.739990234375,4,-6.5691094
2026-04-03,05:00,35.8499755859375,4,9.51504
2026-04-03,06:00,-127.07000732421875,0,-1.0196449
2026-04-03,07:00,-271.739990234375,0,-14.501625
2026-04-03,08:00,-117.72000122070312,0,-49.40708
2026-04-03,09:00,-220.50997924804688,0,-39.53824
2026-04-03,10:00,-316.92999267578125,0,-53.896088
2026-04-03,11:00,-598.8800048828125,0,-40.968014
2026-04-03,12:00,-742.969970703125,0,-2.5440717
2026-04-03,13:00,-691.199951171875,0,-27.77707
2026-04-03,14:00,-258.2900085449219,0,-26.253382
2026-04-03,15:00,-694.97998046875,0,-31.058508
2026-04-03,16:00,-406.35003662109375,0,-14.602535
2026-04-03,17:00,-404.32000732421875,0,20.942785
2026-04-03,18:00,211.30001831054688,4,49.171318
2026-04-03,19:00,-48.07000732421875,4,18.165625
2026-04-03,20:00,67.80999755859375,4,19.785542
2026-04-03,21:00,-150.8199462890625,4,6.0833364
2026-04-03,22:00,-246.39996337890625,0,-38.363182
2026-04-03,23:00,-160.37002563476562,0,-50.253838
2026-04-04,00:00,-399.28997802734375,0,-90.80152
2026-04-04,01:00,-646.5599365234375,0,-89.38813
2026-04-04,02:00,-386.8399658203125,0,-66.521996
2026-04-04,03:00,-253.79998779296875,4,-48.467094
2026-04-04,04:00,-343.6600341796875,4,-21.75943
2026-04-04,05:00,-342.46002197265625,4,-7.112635
2026-04-04,06:00,-631.1799926757812,2,-58.72733
2026-04-04,07:00,-97.42999267578125,2,-32.5126
2026-04-04,08:00,176.36001586914062,4,-10.904566
2026-04-04,09:00,267.6000061035156,4,-36.087944
2026-04-04,10:00,-31.029998779296875,4,-3.7712965
2026-04-04,11:00,-206.67001342773438,4,-12.066418
2026-04-04,12:00,-179.010009765625,4,-0.4032057
2026-04-04,13:00,-296.82000732421875,4,-9.499103
2026-04-04,14:00,11.620025634765625,4,7.1900477
2026-04-04,15:00,96.01998901367188,4,5.026469
2026-04-04,16:00,288.8500061035156,4,1.3810817
2026-04-04,17:00,282.3500061035156,4,8.315148
2026-04-04,18:00,367.58001708984375,4,17.358305
2026-04-04,19:00,306.21002197265625,4,76.88306
2026-04-04,20:00,310.7900085449219,4,6.5657425
2026-04-04,21:00,253.27001953125,4,7.786519
2026-04-04,22:00,158.92999267578125,4,-18.011763
2026-04-04,23:00,10.1199951171875,4,-7.3263855
2026-04-05,00:00,50.430023193359375,0,-88.259705
2026-04-05,01:00,18.82000732421875,0,-65.045715
2026-04-05,02:00,2.709991455078125,0,-65.768654
2026-04-05,03:00,-0.819976806640625,4,14.940283
2026-04-05,04:00,10.8699951171875,4,32.26232
2026-04-05,05:00,9.589996337890625,4,9.453081
2026-04-05,06:00,10.899993896484375,4,2.40696
2026-04-05,07:00,9.220001220703125,4,-2.1193566
2026-04-05,08:00,226.7100067138672,4,58.512115
2026-04-05,09:00,0.3800048828125,4,70.95169
2026-04-05,10:00,-72.24000549316406,4,-1.7268237
2026-04-05,11:00,-106.83999633789062,4,-43.042347
2026-04-05,12:00,-171.5,0,-61.17172
2026-04-05,13:00,-170.98001098632812,0,-51.362885
2026-04-05,14:00,-170.989990234375,0,-5.0695314
2026-04-05,15:00,-129.1400146484375,4,0.9353859
2026-04-05,16:00,-172.8800048828125,4,20.178858
2026-04-05,17:00,-56.91998291015625,4,-14.799729
2026-04-05,18:00,-27.46002197265625,4,10.437942
2026-04-05,19:00,-21.78997802734375,4,-128.74951
2026-04-05,20:00,-11.6400146484375,4,-84.6107
2026-04-05,21:00,-9.21002197265625,4,-47.079575
2026-04-05,22:00,-2.92999267578125,4,-31.116287
2026-04-05,23:00,3.6299896240234375,4,-8.303615
2026-04-06,00:00,-143.37002563476562,4,-49.21025
2026-04-06,01:00,-11.600006103515625,4,8.521142
2026-04-06,02:00,-32.83001708984375,4,4.6116724
2026-04-06,03:00,-30.1199951171875,4,18.936779
2026-04-06,04:00,-36.55999755859375,4,2.2133996
2026-04-06,05:00,-41.77000427246094,4,-3.028165
2026-04-06,06:00,-25.08001708984375,4,-9.821829
2026-04-06,07:00,-20.90997314453125,4,-22.680222
2026-04-06,08:00,-140.61001586914062,4,11.561735
2026-04-06,09:00,-53.850006103515625,4,10.490159
2026-04-06,10:00,-55.08000183105469,4,24.513697
2026-04-06,11:00,-120.15998840332031,4,30.741041
2026-04-06,12:00,-83.19000244140625,4,63.266613
2026-04-06,13:00,-59.58000183105469,4,55.646515
2026-04-06,14:00,-97.16000366210938,4,111.64099
2026-04-06,15:00,-16.720001220703125,4,87.101295
2026-04-06,16:00,-13.089996337890625,4,74.705574
2026-04-06,17:00,-69.55999755859375,4,36.90941
2026-04-06,18:00,-18.959991455078125,4,67.43675
2026-04-06,19:00,-408.489990234375,4,20.627495
2026-04-06,20:00,-480.050048828125,4,-16.587063
2026-04-06,21:00,-484.5699768066406,4,-57.37239
2026-04-06,22:00,-562.2999877929688,4,-17.937614
2026-04-06,23:00,-246.07003784179688,4,-8.365985
2026-04-07,00:00,-430.8899841308594,4,18.170069
2026-04-07,01:00,-416.8100280761719,4,13.391385
2026-04-07,02:00,-484.75,4,1.3864313
2026-04-07,03:00,-305.72998046875,4,-1.2092202
2026-04-07,04:00,-132.08999633789062,4,-3.2394361
2026-04-07,05:00,-140.97000122070312,4,-17.18763
2026-04-07,06:00,-625.1699829101562,4,-28.323933
2026-04-07,07:00,-701.3900146484375,4,-28.201942
2026-04-07,08:00,-396.3599853515625,4,-3.7162702
2026-04-07,09:00,-301.719970703125,4,66.33941
2026-04-07,10:00,-712.5799560546875,4,64.31574
2026-04-07,11:00,-802.5999755859375,4,40.13485
2026-04-07,12:00,-734.1300048828125,4,6.877519
2026-04-07,13:00,-640.3900146484375,4,17.485846
2026-04-07,14:00,-216.62002563476562,4,48.6388
2026-04-07,15:00,-564.7000122070312,4,22.121044
2026-04-07,16:00,-1034.1500244140625,4,16.016321
2026-04-07,17:00,-500.64996337890625,0,-17.265661
2026-04-07,18:00,-469.9200439453125,0,-17.045626
2026-04-07,19:00,-506.10992431640625,0,-47.18937
2026-04-07,20:00,-998.3600463867188,0,-56.178795
2026-04-07,21:00,-950.3800048828125,0,-88.13211
2026-04-07,22:00,-507.72998046875,0,9.15263
2026-04-07,23:00,-495.25,0,12.9778805
2026-04-08,00:00,-67.1099853515625,0,-126.419304
2026-04-08,01:00,-246.98004150390625,0,-168.11102
2026-04-08,02:00,-561.300048828125,0,-110.40166
2026-04-08,03:00,-516.4500732421875,0,-81.777115
2026-04-08,04:00,-397.2599792480469,0,-36.118343
2026-04-08,05:00,-390.4800109863281,0,-32.246227
2026-04-08,06:00,52.70001220703125,0,-86.82685
2026-04-08,07:00,-165.04000854492188,0,-122.828384
2026-04-08,08:00,81.37005615234375,0,-87.871796
2026-04-08,09:00,269.719970703125,0,-66.62709
2026-04-08,10:00,227.33001708984375,0,-83.576294
2026-04-08,11:00,181.989990234375,0,-121.29156
2026-04-08,12:00,43.21998596191406,0,-117.215935
2026-04-08,13:00,-42.79998779296875,0,-74.22955
2026-04-08,14:00,145.07998657226562,0,-66.805145
2026-04-08,15:00,174.29000854492188,0,-43.177013
2026-04-08,16:00,284.5,0,-25.658335
2026-04-08,17:00,340.8199768066406,0,-87.08216
2026-04-08,18:00,274.78997802734375,0,-44.597755
2026-04-08,19:00,182.52001953125,4,-19.412935
2026-04-08,20:00,174.219970703125,0,-48.299065
2026-04-08,21:00,-154.52001953125,0,-104.44016
2026-04-08,22:00,147.14996337890625,0,-76.829285
2026-04-08,23:00,1.300018310546875,0,-70.813065
2026-04-09,00:00,-21.1400146484375,0,-122.351204
2026-04-09,01:00,-71.70999145507812,0,-106.64557
2026-04-09,02:00,-95.72998046875,0,-122.08323
2026-04-09,03:00,-22.970001220703125,0,-89.566574
2026-04-09,04:00,17.660003662109375,0,-83.38419
2026-04-09,05:00,-4.139984130859375,4,-68.10204
2026-04-09,06:00,-82.66998291015625,0,-107.21422
2026-04-09,07:00,-41.910003662109375,0,-97.557495
2026-04-09,08:00,-95.91998291015625,0,-29.250954
2026-04-09,09:00,-156.99002075195312,0,-9.813269
2026-04-09,10:00,-36.540008544921875,0,-29.390057
2026-04-09,11:00,14.290008544921875,0,-67.50854
2026-04-09,12:00,29.670013427734375,0,-93.55875
2026-04-09,13:00,-104.86001586914062,0,-71.959755
2026-04-09,14:00,-73.98001098632812,0,-52.28184
2026-04-09,15:00,-145.54000854492188,0,-51.139626
2026-04-09,16:00,-115.66000366210938,0,-79.53536
2026-04-09,17:00,20.29998779296875,0,-86.425476
2026-04-09,18:00,0.44000244140625,0,-84.760315
2026-04-09,19:00,180.239990234375,0,-155.6786
2026-04-09,20:00,-219.8499755859375,0,-105.29129
2026-04-09,21:00,-403.31005859375,0,-125.624
2026-04-09,22:00,-25.1199951171875,0,-88.99889
2026-04-09,23:00,-57.129974365234375,0,-86.98224
2026-04-10,00:00,-152.69000244140625,0,-108.906715
2026-04-10,01:00,-137.53997802734375,0,-75.79533
2026-04-10,02:00,-163.36001586914062,0,-56.524235
2026-04-10,03:00,-303.5899963378906,4,-21.007944
2026-04-10,04:00,-179.70001220703125,4,-12.345773
2026-04-10,05:00,-286.7200012207031,4,-20.675997
2026-04-10,06:00,-592.3399658203125,0,-56.549866
2026-04-10,07:00,-340.4700012207031,0,-24.949326
2026-04-10,08:00,-347.25,4,20.361923
2026-04-10,09:00,-457.25006103515625,4,80.21284
2026-04-10,10:00,-72.54998779296875,4,80.58853
2026-04-10,11:00,-37.19000244140625,4,57.833538
2026-04-10,12:00,-173.58999633789062,4,36.79319
2026-04-10,13:00,-182.93002319335938,0,24.32121
2026-04-10,14:00,-244.88003540039062,4,82.68479
2026-04-10,15:00,-237.26995849609375,4,58.856308
2026-04-10,16:00,42.96002197265625,0,8.11406
2026-04-10,17:00,-5.7900390625,0,-34.792957
2026-04-10,18:00,-20.47003173828125,0,-36.46505
2026-04-10,19:00,-176.5799560546875,0,-70.95299
2026-04-10,20:00,-436.429931640625,0,-90.53943
2026-04-10,21:00,-675.6100463867188,0,-111.46219
2026-04-10,22:00,-89.30999755859375,0,-51.6684
2026-04-10,23:00,-208.54998779296875,0,-50.274338
2026-04-11,00:00,-394.53997802734375,0,-91.29788
2026-04-11,01:00,-534.3899536132812,0,-81.82922
2026-04-11,02:00,-673.969970703125,0,-55.40521
2026-04-11,03:00,-469.10003662109375,4,-52.27918
2026-04-11,04:00,-115.22998046875,3,-55.192993
2026-04-11,05:00,-84.80999755859375,2,-43.791832
2026-04-11,06:00,-175.5,2,-51.296997
2026-04-11,07:00,-244.5999755859375,0,-52.601093
2026-04-11,08:00,5.77001953125,4,-19.036827
2026-04-11,09:00,-303.97998046875,4,15.817145
2026-04-11,10:00,-340.2200012207031,4,41.833984
2026-04-11,11:00,-407.53997802734375,4,38.3018
2026-04-11,12:00,-184.27001953125,4,29.719456
2026-04-11,13:00,-620.2899780273438,0,29.060936
2026-04-11,14:00,-410.5600280761719,0,51.543694
2026-04-11,15:00,-314.1500244140625,4,35.580795
2026-04-11,16:00,-292.25994873046875,0,-1.6284332
2026-04-11,17:00,-345.1300048828125,0,-30.953648
2026-04-11,18:00,-146.75,0,-13.558882
2026-04-11,19:00,-399.79998779296875,0,-57.64934
2026-04-11,20:00,-547.8200073242188,0,-38.958378
2026-04-11,21:00,-391.61004638671875,0,-49.347637
2026-04-11,22:00,-723.4400024414062,0,-30.712917
2026-04-11,23:00,-597.1399536132812,0,-35.058716
2026-04-12,00:00,18.989990234375,0,-381.80716
2026-04-12,01:00,-530.0199584960938,0,-311.76755
2026-04-12,02:00,-502.08001708984375,0,-239.91124
2026-04-12,03:00,37.27001953125,0,-199.90903
2026-04-12,04:00,-308.1700439453125,0,-177.20564
2026-04-12,05:00,-700.25,0,-148.94537
2026-04-12,06:00,-656.300048828125,0,-167.01462
2026-04-12,07:00,-494.4900207519531,0,-126.15545
2026-04-12,08:00,-128.760009765625,0,-97.02858
2026-04-12,09:00,-351.04998779296875,0,-171.92717
2026-04-12,10:00,-502.27001953125,0,-152.9669
2026-04-12,11:00,-599.9299926757812,0,-213.70078
2026-04-12,12:00,-108.52999877929688,0,-204.31097
2026-04-12,13:00,-219.72000122070312,0,-219.56349
2026-04-12,14:00,-189.47000122070312,0,-178.0565
2026-04-12,15:00,-156.030029296875,0,-173.40831
2026-04-12,16:00,-120.20001220703125,0,-215.0235
2026-04-12,17:00,-226.97000122070312,0,-235.9863
2026-04-12,18:00,63.40997314453125,0,-130.9352
2026-04-12,19:00,-231.9200439453125,0,-202.2395
2026-04-12,20:00,-333.8699951171875,0,-183.2191
2026-04-12,21:00,-421.6400146484375,0,-217.71167
2026-04-12,22:00,-77.1300048828125,0,-166.20935
2026-04-12,23:00,-40.180023193359375,0,-173.19945
2026-04-13,00:00,-332.59002685546875,0,-228.29356
2026-04-13,01:00,-803.5799560546875,0,-222.00496
2026-04-13,02:00,-614.6500244140625,0,-138.28717
2026-04-13,03:00,-117.8800048828125,0,-129.93422
2026-04-13,04:00,-89.300048828125,0,-121.52295
2026-04-13,05:00,68.48001098632812,0,-110.022514
2026-04-13,06:00,-249.53997802734375,0,-118.60943
2026-04-13,07:00,18.32000732421875,0,-131.57616
2026-04-13,08:00,347.55999755859375,0,-147.65443
2026-04-13,09:00,298.22998046875,0,-109.5975
2026-04-13,10:00,20.95001220703125,0,-122.00003
2026-04-13,11:00,-107.550048828125,0,-145.79672
2026-04-13,12:00,-200.37002563476562,0,-153.27066
2026-04-13,13:00,-294.22998046875,0,-175.86646
2026-04-13,14:00,-218.69000244140625,0,-185.36868
2026-04-13,15:00,-355.83001708984375,0,-220.85489
2026-04-13,16:00,-306.8499755859375,0,-323.36185
2026-04-13,17:00,-41.92999267578125,0,-347.31668
2026-04-13,18:00,-27.1300048828125,0,-297.49786
2026-04-13,19:00,-352.260009765625,0,-238.91031
2026-04-13,20:00,-133.6300048828125,0,-360.08826
2026-04-13,21:00,-248.08001708984375,0,-268.47736
2026-04-13,22:00,9.59002685546875,0,-154.91205
2026-04-13,23:00,-77.969970703125,0,-147.97083
2026-04-14,00:00,-17.46002197265625,0,-117.976234
2026-04-14,01:00,-520.4500122070312,0,-141.32294
2026-04-14,02:00,-227.489990234375,0,-140.34814
2026-04-14,03:00,13.42999267578125,0,-113.6655
2026-04-14,04:00,-10.259979248046875,0,-112.95459
2026-04-14,05:00,28.8699951171875,0,-112.597244
2026-04-14,06:00,-467.05999755859375,0,-148.64412
2026-04-14,07:00,-189.41998291015625,0,-117.151695
2026-04-14,08:00,169.04998779296875,0,-133.6068
2026-04-14,09:00,237.37997436523438,0,-117.149994
2026-04-14,10:00,13.3399658203125,0,-127.18774
2026-04-14,11:00,-455.22998046875,0,-164.84952
2026-04-14,12:00,-168.530029296875,0,-153.09549
2026-04-14,13:00,-81.5,0,-239.66695
2026-04-14,14:00,-42.739990234375,4,-264.39645
2026-04-14,15:00,-206.260009765625,0,-270.73914
2026-04-14,16:00,-82.5,0,-238.23442
2026-04-14,17:00,0.96002197265625,0,-249.26918
2026-04-14,18:00,99.6099853515625,0,-217.11105
2026-04-14,19:00,-211.08001708984375,0,-195.13368
2026-04-14,20:00,-133.80999755859375,4,-198.13235
2026-04-14,21:00,-269.15997314453125,0,-180.92412
2026-04-14,22:00,3.260009765625,0,-59.670143
2026-04-14,23:00,-24.82000732421875,0,-83.01595
2026-04-15,00:00,-490.8699951171875,0,-117.97949
2026-04-15,01:00,-758.6500244140625,0,-149.30864
2026-04-15,02:00,-198.52001953125,0,-130.22647
2026-04-15,03:00,-318.4999694824219,0,-100.594604
2026-04-15,04:00,-482.8999938964844,0,-65.27059
2026-04-15,05:00,-246.82000732421875,0,-48.776672
2026-04-15,06:00,-366.9599914550781,0,-93.658005
2026-04-15,07:00,-209.61001586914062,0,-116.72294
2026-04-15,08:00,-319.1099853515625,0,-118.429565
2026-04-15,09:00,-37.52001953125,4,-118.25187
2026-04-15,10:00,-27.05999755859375,4,-121.72806
2026-04-15,11:00,-152.10003662109375,0,-156.6213
2026-04-15,12:00,-422.2900085449219,4,-148.66122
2026-04-15,13:00,-410.6199951171875,0,-194.18271
2026-04-15,14:00,-457.989990234375,0,-204.75854
2026-04-15,15:00,-426.1600036621094,4,-203.6981
2026-04-15,16:00,-321.78997802734375,0,-207.79553
2026-04-15,17:00,-323.59002685546875,0,-179.94394
2026-04-15,18:00,-175.03997802734375,4,-109.842186
2026-04-15,19:00,-225.4200439453125,4,-155.81023
2026-04-15,20:00,-332.12994384765625,4,-171.63188
2026-04-15,21:00,-609.0599975585938,4,-185.08868
2026-04-15,22:00,-345.01995849609375,0,-109.47549
2026-04-15,23:00,-447.8800354003906,0,-124.0887
2026-04-16,00:00,-145.4100341796875,0,-137.02454
2026-04-16,01:00,-128.46002197265625,0,-117.93809
2026-04-16,02:00,14.17999267578125,0,-102.33822
2026-04-16,03:00,59.649993896484375,0,-87.39848
2026-04-16,04:00,-23.3699951171875,0,-71.90433
2026-04-16,05:00,-42.529998779296875,4,-57.11583
2026-04-16,06:00,-20.58001708984375,0,-86.15528
2026-04-16,07:00,-27.209991455078125,0,-152.18973
2026-04-16,08:00,-91.66998291015625,0,-104.56976
2026-04-16,09:00,4.0,0,-101.95743
2026-04-16,10:00,-10.8699951171875,0,-108.245766
2026-04-16,11:00,-8.519989013671875,0,-127.080185
2026-04-16,12:00,30.089996337890625,0,-123.5964
2026-04-16,13:00,-168.57000732421875,0,-181.34552
2026-04-16,14:00,-211.50997924804688,0,-182.20105
2026-04-16,15:00,-358.0599670410156,0,-190.8779
2026-04-16,16:00,-477.97998046875,0,-135.26761
2026-04-16,17:00,-396.0799560546875,0,-94.21892
2026-04-16,18:00,-40.77001953125,0,-84.52442
2026-04-16,19:00,-116.1500244140625,4,-128.88498
2026-04-16,20:00,-120.21002197265625,0,-162.97302
2026-04-16,21:00,-357.0799560546875,0,-148.44112
2026-04-16,22:00,-212.41998291015625,0,-55.10418
2026-04-16,23:00,-342.6500244140625,0,-53.885647
2026-04-17,00:00,-137.3599853515625,0,-140.06813
2026-04-17,01:00,-256.5,0,-61.857983
2026-04-17,02:00,-232.25,0,-90.29866
2026-04-17,03:00,-77.6600341796875,0,-66.505905
2026-04-17,04:00,-53.170013427734375,0,-75.46385
2026-04-17,05:00,-31.40997314453125,4,-103.691345
2026-04-17,06:00,-15.17999267578125,0,-179.61926
2026-04-17,07:00,11.79998779296875,3,-145.93225
2026-04-17,08:00,65.8199462890625,4,-141.99011
2026-04-17,09:00,53.010009765625,4,-138.17964
2026-04-17,10:00,-118.47003173828125,4,-127.003265
2026-04-17,11:00,-200.6400146484375,4,-114.06012
2026-04-17,12:00,-87.73004150390625,4,-108.65687
2026-04-17,13:00,148.1199951171875,4,-179.59718
2026-04-17,14:00,32.03997802734375,4,-157.19287
2026-04-17,15:00,206.39999389648438,4,-118.891975
2026-04-17,16:00,100.27996826171875,4,-2.417418
2026-04-17,17:00,108.010009765625,4,16.024042
2026-04-17,18:00,146.30999755859375,4,42.379154
2026-04-17,19:00,242.00994873046875,4,-44.420273
2026-04-17,20:00,144.8900146484375,4,-64.91095
2026-04-17,21:00,67.89996337890625,4,-76.62173
2026-04-17,22:00,247.45001220703125,4,-44.578297
2026-04-17,23:00,17.44000244140625,0,-69.034225
2026-04-18,00:00,-15.65997314453125,0,-136.66571
2026-04-18,01:00,-165.07000732421875,0,-110.64396
2026-04-18,02:00,91.5400390625,4,-88.302185
2026-04-18,03:00,124.75,2,-56.63766
2026-04-18,04:00,115.19000244140625,2,-45.98889
2026-04-18,05:00,83.53997802734375,4,-61.85713
2026-04-18,06:00,96.19000244140625,4,-83.41792
2026-04-18,07:00,76.28997802734375,4,-84.48213
2026-04-18,08:00,199.95999145507812,4,-57.336422
2026-04-18,09:00,291.47998046875,4,-61.499386
2026-04-18,10:00,176.760009765625,4,-41.672333
2026-04-18,11:00,181.52001953125,4,-55.425438
2026-04-18,12:00,146.41998291015625,4,-40.49066
2026-04-18,13:00,130.67001342773438,4,-60.876736
2026-04-18,14:00,13.509979248046875,4,-35.692734
2026-04-18,15:00,67.14999389648438,4,-30.830416
2026-04-18,16:00,4.2900390625,4,-9.7715645
2026-04-18,17:00,-64.1700439453125,4,-3.3119278
2026-04-18,18:00,-454.80999755859375,4,-15.995984
2026-04-18,19:00,-596.9300537109375,4,-24.088865
2026-04-18,20:00,-319.030029296875,4,-40.75068
2026-04-18,21:00,-75.42999267578125,4,-51.853745
2026-04-18,22:00,-62.55999755859375,4,-4.7381134
2026-04-18,23:00,-254.90997314453125,0,-27.103212
2026-04-19,00:00,-27.72998046875,0,-112.941696
2026-04-19,01:00,-86.52001953125,0,-107.99663
2026-04-19,02:00,-78.52001953125,0,-61.086876
2026-04-19,03:00,-49.02996826171875,0,-53.723633
2026-04-19,04:00,-18.360015869140625,0,-51.148434
2026-04-19,05:00,8.989990234375,0,-58.744785
2026-04-19,06:00,3.79998779296875,0,-83.26891
2026-04-19,07:00,73.70999145507812,4,21.336964
2026-04-19,08:00,106.27001953125,4,105.60153
2026-04-19,09:00,42.279998779296875,4,73.21905
2026-04-19,10:00,81.27998352050781,4,43.109554
2026-04-19,11:00,76.73001098632812,4,21.81843
2026-04-19,12:00,-0.5399932861328125,4,77.583664
2026-04-19,13:00,-92.91998291015625,4,46.26169
2026-04-19,14:00,-158.0,4,48.320488
2026-04-19,15:00,-37.730010986328125,4,21.806496
2026-04-19,16:00,-20.089996337890625,4,-20.670479
2026-04-19,17:00,-79.82000732421875,4,-1.7366608
2026-04-19,18:00,-132.469970703125,4,51.757042
2026-04-19,19:00,18.8599853515625,4,27.970366
2026-04-19,20:00,-97.86004638671875,4,17.409773
2026-04-19,21:00,-150.739990234375,4,-14.045057
2026-04-19,22:00,5.51995849609375,4,34.259388
2026-04-19,23:00,-9.3699951171875,0,9.516128
2026-04-20,00:00,-195.4000244140625,0,-19.922405
2026-04-20,01:00,-165.0999755859375,4,-36.04116
2026-04-20,02:00,-30.8599853515625,4,-4.4807367
2026-04-20,03:00,-32.5,4,10.130565
2026-04-20,04:00,-14.3699951171875,4,21.14573
2026-04-20,05:00,-78.82000732421875,4,19.687748
2026-04-20,06:00,-56.519989013671875,4,24.97554
2026-04-20,07:00,-35.58001708984375,4,30.918587
2026-04-20,08:00,82.48004150390625,4,93.77042
2026-04-20,09:00,19.0799560546875,4,101.92333
2026-04-20,10:00,-77.32998657226562,4,56.777428
2026-04-20,11:00,-265.27996826171875,4,52.00044
2026-04-20,12:00,-241.30001831054688,4,-5.5664606
2026-04-20,13:00,-484.6499938964844,4,-53.50258
2026-04-20,14:00,-63.25,4,-75.451675
2026-04-20,15:00,-54.54998779296875,4,-66.93221
2026-04-20,16:00,-182.27996826171875,0,-78.764854
2026-04-20,17:00,-463.510009765625,0,-74.32695
2026-04-20,18:00,-259.30999755859375,0,-89.802124
2026-04-20,19:00,-173.510009765625,0,-149.79742
2026-04-20,20:00,2.34002685546875,0,-136.21501
2026-04-20,21:00,-96.719970703125,0,-113.8107
2026-04-20,22:00,52.66998291015625,0,-38.896976
2026-04-20,23:00,31.720001220703125,0,-45.20828
2026-04-21,00:00,65.57000732421875,0,-96.75516
2026-04-21,01:00,65.18002319335938,0,-81.81355
2026-04-21,02:00,30.78997802734375,0,-92.850815
2026-04-21,03:00,17.6300048828125,0,-71.77144
2026-04-21,04:00,61.239990234375,0,-45.4454
2026-04-21,05:00,97.47000122070312,0,-72.97559
2026-04-21,06:00,27.1099853515625,0,-70.42499
2026-04-21,07:00,28.850006103515625,0,-75.750626
2026-04-21,08:00,11.4100341796875,0,-8.671638
2026-04-21,09:00,43.010009765625,0,-28.042265
2026-04-21,10:00,122.3499755859375,0,-89.00567
2026-04-21,11:00,23.980010986328125,0,-112.71435
2026-04-21,12:00,104.94000244140625,0,-101.83364
2026-04-21,13:00,174.61001586914062,0,-193.74164
2026-04-21,14:00,134.989990234375,0,-150.3346
2026-04-21,15:00,119.260009765625,0,-146.67053
2026-04-21,16:00,30.17999267578125,0,-116.03385
2026-04-21,17:00,-174.71002197265625,0,-127.81039
2026-04-21,18:00,-119.0400390625,0,-113.07863
2026-04-21,19:00,-171.3599853515625,0,-162.2512
2026-04-21,20:00,-175.4599609375,0,-174.77086
2026-04-21,21:00,-29.72003173828125,0,-158.53802
2026-04-21,22:00,-24.20001220703125,0,-26.049788
2026-04-21,23:00,-11.75,0,-55.850918
2026-04-22,00:00,-67.33001708984375,0,-85.455826
2026-04-22,01:00,-25.94000244140625,0,-77.95351
2026-04-22,02:00,20.739990234375,0,-6.6585894
2026-04-22,03:00,3.489990234375,0,-12.259007
2026-04-22,04:00,8.540008544921875,0,11.134833
2026-04-22,05:00,0.1199951171875,0,6.0496874
2026-04-22,06:00,18.41998291015625,0,-88.65987
2026-04-22,07:00,55.27001953125,0,-102.56949
2026-04-22,08:00,187.27996826171875,0,-9.80496
2026-04-22,09:00,147.5899658203125,0,-64.413124
2026-04-22,10:00,111.04000854492188,0,-99.953026
2026-04-22,11:00,113.1500244140625,0,-119.73867
2026-04-22,12:00,139.0,0,-165.46234
2026-04-22,13:00,45.70001220703125,0,-200.32112
2026-04-22,14:00,83.80999755859375,0,-237.58186
2026-04-22,15:00,112.10003662109375,0,-200.30699
2026-04-22,16:00,-118.19000244140625,0,-253.52884
2026-04-22,17:00,-40.739990234375,0,-260.93164
2026-04-22,18:00,-241.71002197265625,0,-165.78394
2026-04-22,19:00,-144.41998291015625,0,-147.36406
2026-04-22,20:00,-208.44000244140625,0,-244.16428
2026-04-22,21:00,-195.47998046875,0,-227.10478
2026-04-22,22:00,-237.0799560546875,0,-102.34915
2026-04-22,23:00,-362.77996826171875,0,-101.79519
2026-04-23,00:00,-304.719970703125,0,-143.27872
2026-04-23,01:00,-315.7900390625,0,-182.18256
2026-04-23,02:00,-70.719970703125,0,-148.61008
2026-04-23,03:00,-26.16998291015625,0,-121.665016
2026-04-23,04:00,0.6300048828125,0,-112.347916
2026-04-23,05:00,-23.6099853515625,0,-94.25423
2026-04-23,06:00,-123.26995849609375,0,-209.1054
2026-04-23,07:00,-65.45001220703125,0,-188.93338
2026-04-23,08:00,-38.13995361328125,0,-80.87662
2026-04-23,09:00,-47.33001708984375,0,-100.89916
2026-04-23,10:00,-319.55999755859375,0,-78.79313
2026-04-23,11:00,-283.48004150390625,0,-121.265785
2026-04-23,12:00,-123.54000854492188,0,-90.67939
2026-04-23,13:00,9.66998291015625,0,-124.14587
2026-04-23,14:00,-131.24002075195312,0,-75.18039
2026-04-23,15:00,-41.819976806640625,0,-18.971056
2026-04-23,16:00,-152.0,0,-81.84297
2026-04-23,17:00,-91.75,0,-68.323204
2026-04-23,18:00,155.5,4,-22.840597
2026-04-23,19:00,235.8399658203125,4,-23.08179
2026-04-23,20:00,233.30999755859375,0,-72.14886
2026-04-23,21:00,195.72000122070312,0,-48.635567
2026-04-23,22:00,161.25997924804688,0,-58.81186
2026-04-23,23:00,94.86001586914062,0,-67.06646
2026-04-24,00:00,166.010009765625,0,-108.928894
2026-04-24,01:00,77.3699951171875,0,-102.67495
2026-04-24,02:00,101.24002075195312,4,-66.33809
2026-04-24,03:00,59.350006103515625,4,-58.100574
2026-04-24,04:00,63.089996337890625,4,-45.27791
2026-04-24,05:00,48.170013427734375,4,-30.300903
2026-04-24,06:00,57.6099853515625,4,-35.07434
2026-04-24,07:00,60.079986572265625,4,-23.191038
2026-04-24,08:00,68.83999633789062,4,32.4975
2026-04-24,09:00,93.94000244140625,4,0.75233686
2026-04-24,10:00,34.620025634765625,4,-9.789424
2026-04-24,11:00,23.790008544921875,4,-17.495668
2026-04-24,12:00,96.18002319335938,4,9.232553
2026-04-24,13:00,122.07000732421875,4,-6.469612
2026-04-24,14:00,92.98001098632812,0,-11.628395
2026-04-24,15:00,150.8800048828125,0,-48.344326
2026-04-24,16:00,96.60003662109375,0,-77.68774
2026-04-24,17:00,169.3800048828125,0,-82.24764
2026-04-24,18:00,225.56002807617188,0,-81.356735
2026-04-24,19:00,256.510009765625,0,-110.84934
2026-04-24,20:00,274.3800048828125,0,-201.86012
2026-04-24,21:00,159.6500244140625,0,-156.29906
2026-04-24,22:00,123.489990234375,0,-59.79683
2026-04-24,23:00,89.20001220703125,0,-62.418457
2026-04-25,00:00,105.03997802734375,0,-60.207153
2026-04-25,01:00,122.21002197265625,0,-78.03777
2026-04-25,02:00,76.1400146484375,0,-52.223858
2026-04-25,03:00,57.57000732421875,4,-21.531988
2026-04-25,04:00,40.83001708984375,0,-29.200974
2026-04-25,05:00,33.67999267578125,4,-15.513063
2026-04-25,06:00,4.07000732421875,0,-46.035236
2026-04-25,07:00,12.600006103515625,0,-46.713055
2026-04-25,08:00,178.41000366210938,4,2.4044695
2026-04-25,09:00,314.0299987792969,4,-1.5047715
2026-04-25,10:00,296.9700012207031,4,7.2054577
2026-04-25,11:00,222.17001342773438,4,-43.52218
2026-04-25,12:00,215.58999633789062,4,-54.457954
2026-04-25,13:00,148.6300048828125,4,-53.968006
2026-04-25,14:00,144.98001098632812,4,-39.345806
2026-04-25,15:00,2.819976806640625,4,-28.584864
2026-04-25,16:00,-165.72000122070312,0,-30.837156
2026-04-25,17:00,-101.45001220703125,0,-11.58293
2026-04-25,18:00,-169.33001708984375,4,3.7657902
2026-04-25,19:00,-4.1800537109375,4,60.605648
2026-04-25,20:00,-393.7900390625,4,17.148216
2026-04-25,21:00,-113.82000732421875,0,1.8615032
2026-04-25,22:00,-56.050018310546875,0,-5.317206
2026-04-25,23:00,-70.16000366210938,0,-8.558973
2026-04-26,00:00,-111.16998291015625,0,-95.813576
2026-04-26,01:00,-22.230010986328125,0,-169.5032
2026-04-26,02:00,11.8900146484375,0,-135.8664
2026-04-26,03:00,14.600006103515625,0,-104.32246
2026-04-26,04:00,-6.720001220703125,0,-52.392513
2026-04-26,05:00,-11.730010986328125,0,-75.77657
2026-04-26,06:00,-36.3800048828125,0,-94.752075
2026-04-26,07:00,6.3800048828125,0,-64.45008
2026-04-26,08:00,0.930023193359375,4,17.252506
2026-04-26,09:00,63.3800048828125,4,55.83435
2026-04-26,10:00,-39.649993896484375,4,2.523007
2026-04-26,11:00,-115.97999572753906,4,-22.015203
2026-04-26,12:00,-58.50000762939453,4,-88.29938
2026-04-26,13:00,-87.92999267578125,0,-99.1555
2026-04-26,14:00,-60.5,0,-71.62317
2026-04-26,15:00,-68.20999145507812,0,-70.770744
2026-04-26,16:00,-114.70001220703125,0,-115.69048
2026-04-26,17:00,-236.31002807617188,0,-119.359505
2026-04-26,18:00,-80.1300048828125,0,-138.11433
2026-04-26,19:00,-266.97998046875,0,-118.07834
2026-04-26,20:00,-314.38995361328125,0,-141.8214
2026-04-26,21:00,-247.780029296875,0,-148.4073
2026-04-26,22:00,-185.77999877929688,0,-92.04192
2026-04-26,23:00,-56.65997314453125,0,-76.4367
2026-04-27,00:00,-371.66998291015625,0,-95.67098
2026-04-27,01:00,-360.5400085449219,0,-154.0303
2026-04-27,02:00,-101.80999755859375,0,-150.32988
2026-04-27,03:00,-51.470001220703125,0,-102.4594
2026-04-27,04:00,-23.529998779296875,4,-49.901363
2026-04-27,05:00,-38.949981689453125,0,-47.390038
2026-04-27,06:00,-229.5999755859375,0,-75.310684
2026-04-27,07:00,-33.149993896484375,0,-66.21907
2026-04-27,08:00,35.639984130859375,4,-18.826813
2026-04-27,09:00,166.510009765625,4,-9.494243
2026-04-27,10:00,75.05999755859375,4,-74.07207
2026-04-27,11:00,-165.41998291015625,0,-85.56138
2026-04-27,12:00,-138.1199951171875,4,-50.50786
2026-04-27,13:00,-205.69000244140625,0,-63.602173
2026-04-27,14:00,0.92999267578125,0,-42.927696
2026-04-27,15:00,31.66998291015625,0,-63.059277
2026-04-27,16:00,-39.94000244140625,0,-86.38327
2026-04-27,17:00,-350.67999267578125,0,-89.778206
2026-04-27,18:00,-194.1400146484375,0,-73.17924
2026-04-27,19:00,-203.0999755859375,0,-116.487755
2026-04-27,20:00,-156.21002197265625,0,-177.25885
2026-04-27,21:00,-94.780029296875,0,-178.92558
2026-04-27,22:00,-16.57000732421875,0,-69.97246
2026-04-27,23:00,27.410003662109375,0,-68.59847
2026-04-28,00:00,134.72998046875,0,-51.783825
2026-04-28,01:00,100.08001708984375,4,-79.48175
2026-04-28,02:00,41.410003662109375,4,-34.205116
2026-04-28,03:00,10.82000732421875,4,-17.241125
2026-04-28,04:00,12.83001708984375,4,11.984042
2026-04-28,05:00,7.220001220703125,4,17.426016
2026-04-28,06:00,-45.19000244140625,4,16.944744
2026-04-28,07:00,16.779998779296875,4,3.2047055
2026-04-28,08:00,153.20999145507812,4,51.40453
2026-04-28,09:00,260.5799865722656,4,73.77664
2026-04-28,10:00,161.57998657226562,4,51.842632
2026-04-28,11:00,0.29998779296875,4,29.920326
2026-04-28,12:00,-102.8399658203125,4,65.50407
2026-04-28,13:00,-0.54998779296875,4,28.149546
2026-04-28,14:00,78.58001708984375,4,51.101597
2026-04-28,15:00,110.08001708984375,4,40.412388
2026-04-28,16:00,133.08001708984375,4,27.123133
2026-04-28,17:00,66.6099853515625,0,12.054053
2026-04-28,18:00,162.5799560546875,0,54.95147
2026-04-28,19:00,139.0,0,74.842
2026-04-28,20:00,216.82000732421875,0,61.102943
2026-04-28,21:00,150.88995361328125,0,25.031595
2026-04-28,22:00,66.46002197265625,4,29.983894
2026-04-28,23:00,47.589996337890625,4,31.960155
2026-04-29,00:00,24.459991455078125,4,25.501987
2026-04-29,01:00,31.02001953125,4,-4.636546
2026-04-29,02:00,7.480010986328125,4,10.924153
2026-04-29,03:00,-12.769989013671875,4,2.105371
2026-04-29,04:00,0.529998779296875,4,10.0590725
2026-04-29,05:00,10.3800048828125,4,8.33327
2026-04-29,06:00,-11.970001220703125,4,-12.244968
2026-04-29,07:00,18.19000244140625,4,-2.0274076
2026-04-29,08:00,107.29000854492188,4,38.432537
2026-04-29,09:00,175.05999755859375,4,61.058704
2026-04-29,10:00,23.439971923828125,4,73.86055
2026-04-29,11:00,-94.1700439453125,4,22.755165
2026-04-29,12:00,-50.77001953125,4,31.855192
2026-04-29,13:00,121.8699951171875,4,44.574432
2026-04-29,14:00,171.6300048828125,4,32.89565
2026-04-29,15:00,81.17999267578125,4,35.218754
2026-04-29,16:00,112.68002319335938,4,46.2526
2026-04-29,17:00,103.989990234375,4,80.56188
2026-04-29,18:00,78.29998779296875,4,78.18454
2026-04-29,19:00,60.25,4,65.03099
2026-04-29,20:00,4.089996337890625,4,17.093971
2026-04-29,21:00,38.910003662109375,4,6.6433554
2026-04-29,22:00,52.44000244140625,4,45.492126
2026-04-29,23:00,26.199981689453125,4,50.663807
2026-04-30,00:00,59.33001708984375,4,-0.945457
2026-04-30,01:00,76.36001586914062,4,6.9136243
2026-04-30,02:00,67.97998046875,4,6.9143906
2026-04-30,03:00,58.41998291015625,4,14.962145
2026-04-30,04:00,31.339996337890625,4,17.586802
2026-04-30,05:00,24.930023193359375,4,22.256536
2026-04-30,06:00,20.829986572265625,4,4.2816586
2026-04-30,07:00,56.010009765625,4,20.054693
2026-04-30,08:00,150.6999969482422,4,51.6491
2026-04-30,09:00,176.0600128173828,4,64.67521
2026-04-30,10:00,131.00999450683594,4,59.01494
2026-04-30,11:00,130.61001586914062,0,83.61566
2026-04-30,12:00,148.6800079345703,4,74.15275
2026-04-30,13:00,148.99000549316406,0,29.023802
2026-04-30,14:00,104.3900146484375,0,59.064133
2026-04-30,15:00,260.47998046875,0,25.530596
2026-04-30,16:00,99.87002563476562,0,-24.224955
2026-04-30,17:00,181.19998168945312,0,-22.617996
2026-04-30,18:00,168.489990234375,0,-2.3149037
2026-04-30,19:00,151.42001342773438,0,-56.431057
2026-04-30,20:00,125.32998657226562,0,-65.26851
2026-04-30,21:00,78.83999633789062,0,-39.538185
2026-04-30,22:00,51.600006103515625,0,-71.93545
2026-04-30,23:00,42.3800048828125,0,-103.094475
2026-05-01,00:00,-51.509979248046875,0,-136.80696
2026-05-01,01:00,23.30999755859375,0,-112.04078
2026-05-01,02:00,50.32000732421875,0,-75.74498
2026-05-01,03:00,34.45001220703125,0,-42.373604
2026-05-01,04:00,40.899993896484375,0,-0.6770829
2026-05-01,05:00,49.670013427734375,4,-3.4423451
2026-05-01,06:00,22.75,0,21.235636
2026-05-01,07:00,174.20999145507812,0,60.64708
2026-05-01,08:00,38.31999969482422,4,81.00927
2026-05-01,09:00,-42.69999694824219,4,54.42828
2026-05-01,10:00,-104.30999755859375,0,20.60901
2026-05-01,11:00,-70.31999969482422,0,-17.744514
2026-05-01,12:00,50.88999938964844,0,-58.288303
2026-05-01,13:00,-3.6000003814697266,0,-65.437744
2026-05-01,14:00,9.1899995803833,0,-72.54337
2026-05-01,15:00,18.15999984741211,0,-87.69307
2026-05-01,16:00,93.75,0,-100.11888
2026-05-01,17:00,114.74000549316406,0,-130.7645
2026-05-01,18:00,98.36001586914062,0,-148.3531
2026-05-01,19:00,131.22000122070312,0,-176.91922
2026-05-01,20:00,140.47998046875,0,-156.7247
2026-05-01,21:00,119.40997314453125,0,-138.58568
2026-05-01,22:00,60.279998779296875,0,-176.90935
2026-05-01,23:00,8.1199951171875,0,-104.77305
2026-05-02,00:00,-216.45001220703125,0,-99.23608
2026-05-02,01:00,5.490020751953125,0,-44.857864
2026-05-02,02:00,15.55999755859375,0,-29.30704
2026-05-02,03:00,6.1199951171875,0,-35.95841
2026-05-02,04:00,90.44000244140625,0,-11.907184
2026-05-02,05:00,112.70999145507812,0,-14.839298
2026-05-02,06:00,37.540008544921875,0,-22.402308
2026-05-02,07:00,-24.529998779296875,0,-6.6576695
2026-05-02,08:00,-38.079986572265625,0,-2.190301
2026-05-02,09:00,-143.9600067138672,4,18.841055
2026-05-02,10:00,-178.239990234375,0,-55.359898
2026-05-02,11:00,-202.8099822998047,0,-93.29152
2026-05-02,12:00,-173.75999450683594,0,-77.816185
2026-05-02,13:00,-155.38999938964844,0,-75.909805
2026-05-02,14:00,-64.22999572753906,0,-76.63817
2026-05-02,15:00,-107.05999755859375,0,-88.58763
2026-05-02,16:00,-79.25,0,-68.14752
2026-05-02,17:00,-263.6499938964844,0,-75.4117
2026-05-02,18:00,-148.21002197265625,0,-5.03839
2026-05-02,19:00,-289.54998779296875,0,30.387075
2026-05-02,20:00,-129.69000244140625,0,5.0679455
2026-05-02,21:00,-431.20001220703125,0,-63.035065
2026-05-02,22:00,-60.050048828125,0,-1.5238168
2026-05-02,23:00,-304.2200012207031,0,-3.2046928
2026-05-03,00:00,-342.1700439453125,0,-186.13174
2026-05-03,01:00,-155.37002563476562,4,-140.40204
2026-05-03,02:00,8.91998291015625,4,-106.947586
2026-05-03,03:00,-13.05999755859375,4,-103.56943
2026-05-03,04:00,13.959991455078125,0,-87.256645
2026-05-03,05:00,-39.0,0,-112.65109
2026-05-03,06:00,16.09002685546875,0,-91.099594
2026-05-03,07:00,-37.649993896484375,0,-76.03229
2026-05-03,08:00,-88.989990234375,4,-35.503643
2026-05-03,09:00,-243.3599853515625,4,-58.93222
2026-05-03,10:00,-176.51004028320312,4,-44.60372
2026-05-03,11:00,-516.72998046875,0,-70.23083
2026-05-03,12:00,-51.579986572265625,0,-97.39794
2026-05-03,13:00,-67.45999145507812,0,-78.94743
2026-05-03,14:00,-25.3599853515625,0,-35.091587
2026-05-03,15:00,-15.07000732421875,0,-28.072432
2026-05-03,16:00,133.14999389648438,0,-27.825573
2026-05-03,17:00,202.2099609375,0,-57.449757
2026-05-03,18:00,203.73001098632812,0,-29.991022
2026-05-03,19:00,252.22998046875,0,-36.072033
2026-05-03,20:00,200.52001953125,0,-21.192904
2026-05-03,21:00,204.76995849609375,4,-19.328648
2026-05-03,22:00,74.85000610351562,0,-14.527298
2026-05-03,23:00,-34.16998291015625,4,-48.716896
2026-05-04,00:00,-24.740020751953125,4,-100.11874
2026-05-04,01:00,7.83001708984375,4,-98.35503
2026-05-04,02:00,8.65997314453125,4,-100.05395
2026-05-04,03:00,-2.04998779296875,4,-78.30572
2026-05-04,04:00,-34.050018310546875,4,-52.580193
2026-05-04,05:00,-18.779998779296875,4,-51.33717
2026-05-04,06:00,-18.54998779296875,4,12.441422
2026-05-04,07:00,3.8800048828125,4,7.445657
2026-05-04,08:00,60.53997802734375,4,40.722866
2026-05-04,09:00,149.69000244140625,4,66.0554
2026-05-04,10:00,58.240020751953125,4,90.40434
2026-05-04,11:00,8.1300048828125,4,44.901672
2026-05-04,12:00,51.149993896484375,4,41.723137
2026-05-04,13:00,-25.769989013671875,0,22.95227
2026-05-04,14:00,-41.0999755859375,4,33.751717
2026-05-04,15:00,-31.980010986328125,0,19.763302
2026-05-04,16:00,118.52999877929688,0,25.88557
2026-05-04,17:00,177.17999267578125,4,-5.8454585
2026-05-04,18:00,272.9200134277344,0,-51.516743
2026-05-04,19:00,259.22998046875,4,-39.270832
2026-05-04,20:00,209.06002807617188,4,-47.881348
2026-05-04,21:00,164.39996337890625,4,-8.35671
2026-05-04,22:00,101.80001831054688,4,-12.04626
2026-05-04,23:00,-57.160003662109375,4,-10.249138
2026-05-05,00:00,-567.2300415039062,4,-37.6787
2026-05-05,01:00,-258.8500061035156,4,-46.830418
2026-05-05,02:00,-75.71002197265625,4,-1.2428926
2026-05-05,03:00,-53.670013427734375,4,-26.522379
2026-05-05,04:00,-76.98001098632812,4,-36.27062
2026-05-05,05:00,-68.3900146484375,4,-44.482697
2026-05-05,06:00,-50.839996337890625,4,-79.179695
2026-05-05,07:00,-51.860015869140625,4,-56.894596
2026-05-05,08:00,-32.230010986328125,4,-31.046629
2026-05-05,09:00,-71.03997802734375,4,-17.333782
2026-05-05,10:00,-78.55999755859375,4,-5.1061506
2026-05-05,11:00,-151.1500244140625,4,-47.778763
2026-05-05,12:00,-89.87002563476562,0,-16.975418
2026-05-05,13:00,-112.92999267578125,0,-38.641697
2026-05-05,14:00,-40.5,4,-10.689151
2026-05-05,15:00,-89.72000122070312,4,-77.43211
2026-05-05,16:00,-83.57000732421875,0,-99.22774
2026-05-05,17:00,-7.17999267578125,0,-15.074134
2026-05-05,18:00,46.600006103515625,0,37.107616
2026-05-05,19:00,167.6199951171875,0,17.740324
2026-05-05,20:00,88.219970703125,0,4.4722977
2026-05-05,21:00,-86.32998657226562,0,-20.725798
2026-05-05,22:00,14.05999755859375,0,-19.284191
2026-05-05,23:00,17.3699951171875,4,-46.85645
2026-05-06,00:00,35.389984130859375,0,-62.893276
2026-05-06,01:00,38.1099853515625,4,-90.97256
2026-05-06,02:00,40.189971923828125,4,-88.78914
2026-05-06,03:00,23.079986572265625,4,-84.93851
2026-05-06,04:00,29.920013427734375,4,-67.62911
2026-05-06,05:00,22.66998291015625,4,-65.59748
2026-05-06,06:00,15.30999755859375,4,-86.59247
2026-05-06,07:00,6.040008544921875,4,-72.40327
2026-05-06,08:00,9.529998779296875,4,-10.289933
2026-05-06,09:00,-2.489990234375,4,10.22197
2026-05-06,10:00,34.99000549316406,4,-10.761043
2026-05-06,11:00,5.600006103515625,4,-69.61537
2026-05-06,12:00,0.850006103515625,0,-59.114506
2026-05-06,13:00,-33.32000732421875,0,-71.63595
2026-05-06,14:00,30.459991455078125,4,-68.45647
2026-05-06,15:00,64.79000854492188,0,-102.04257
2026-05-06,16:00,37.6300048828125,0,-140.5855
2026-05-06,17:00,75.1300048828125,0,-114.4657
2026-05-06,18:00,90.5999755859375,0,-122.02626
2026-05-06,19:00,222.86996459960938,0,-175.41724
2026-05-06,20:00,117.8800048828125,0,-156.72176
2026-05-06,21:00,14.589996337890625,0,-124.57545
2026-05-06,22:00,26.260009765625,0,-78.23034
2026-05-06,23:00,-1.889984130859375,0,-141.53792
2026-05-07,00:00,1.6300048828125,0,-121.275764
2026-05-07,01:00,-4.839996337890625,0,-104.39019
2026-05-07,02:00,-3.8599853515625,0,-61.334602
2026-05-07,03:00,-9.45001220703125,0,-75.76539
2026-05-07,04:00,7.240020751953125,0,-66.798836
2026-05-07,05:00,26.20001220703125,0,-61.732357
2026-05-07,06:00,13.42999267578125,0,-116.10704
2026-05-07,07:00,15.670013427734375,0,-64.5619
2026-05-07,08:00,36.629974365234375,0,-29.455055
2026-05-07,09:00,53.329986572265625,4,-17.154821
2026-05-07,10:00,26.110015869140625,4,-10.746542
2026-05-07,11:00,30.40997314453125,0,-97.45896
2026-05-07,12:00,17.760009765625,0,-68.15761
2026-05-07,13:00,17.08001708984375,0,-100.255615
2026-05-07,14:00,24.989990234375,0,-80.2704
2026-05-07,15:00,21.899993896484375,0,-70.90113
2026-05-07,16:00,14.470001220703125,0,-54.551807
2026-05-07,17:00,-23.97998046875,0,-43.35709
2026-05-07,18:00,133.1300048828125,0,-74.42716
2026-05-07,19:00,30.94000244140625,4,-38.33248
2026-05-07,20:00,170.1300048828125,4,-37.77856
2026-05-07,21:00,144.66998291015625,0,-60.04208
2026-05-07,22:00,63.07000732421875,4,-39.171497
2026-05-07,23:00,11.790008544921875,0,-85.005455
2026-05-08,00:00,-4.399993896484375,0,-93.40088
2026-05-08,01:00,1.45001220703125,0,-138.70769
2026-05-08,02:00,19.660003662109375,4,-72.835304
2026-05-08,03:00,6.920013427734375,4,-64.010185
2026-05-08,04:00,4.709991455078125,4,-49.242493
2026-05-08,05:00,8.949981689453125,4,-44.975376
2026-05-08,06:00,-7.470001220703125,0,-55.39505
2026-05-08,07:00,-16.52001953125,4,-52.401794
2026-05-08,08:00,-163.25,4,42.037277
2026-05-08,09:00,-182.45999145507812,4,53.594887
2026-05-08,10:00,-249.39999389648438,4,34.191906
2026-05-08,11:00,-207.20001220703125,0,-11.140964
2026-05-08,12:00,-159.79000854492188,0,-11.897362
2026-05-08,13:00,-218.89999389648438,0,-78.41648
2026-05-08,14:00,-290.2099914550781,0,-56.091335
2026-05-08,15:00,-262.5799865722656,4,-69.417145
2026-05-08,16:00,-214.82000732421875,4,-93.01382
2026-05-08,17:00,-117.04000854492188,4,-114.48242
2026-05-08,18:00,-146.14999389648438,0,-90.645676
2026-05-08,19:00,-184.80999755859375,0,-64.47148
2026-05-08,20:00,-119.20001220703125,4,-78.05726
2026-05-08,21:00,-98.62997436523438,4,-62.601955
2026-05-08,22:00,-15.3499755859375,4,-72.54396
2026-05-08,23:00,13.019989013671875,4,-73.52506
2026-05-09,00:00,-12.78997802734375,4,-116.04266
2026-05-09,01:00,12.69000244140625,4,-76.22976
2026-05-09,02:00,21.839996337890625,4,-54.53166
2026-05-09,03:00,17.3800048828125,4,-39.8668
2026-05-09,04:00,23.41998291015625,4,-24.09139
2026-05-09,05:00,19.529998779296875,4,-21.572304
2026-05-09,06:00,20.260009765625,4,-74.34383
2026-05-09,07:00,17.260009765625,4,-74.71938
2026-05-09,08:00,-4.790008544921875,4,10.497656
2026-05-09,09:00,-31.5999755859375,4,14.258389
2026-05-09,10:00,-7.53997802734375,4,61.18035
2026-05-09,11:00,7.41998291015625,4,63.903923
2026-05-09,12:00,14.760009765625,4,25.84603
2026-05-09,13:00,9.970001220703125,0,-0.91096455
2026-05-09,14:00,13.350006103515625,0,5.0282693
2026-05-09,15:00,-57.259979248046875,4,-26.101084
2026-05-09,16:00,-166.55001831054688,4,-51.173416
2026-05-09,17:00,10.529998779296875,4,-14.927338
2026-05-09,18:00,-11.69000244140625,4,30.722551
2026-05-09,19:00,17.69000244140625,4,-7.728565
2026-05-09,20:00,15.94000244140625,4,12.363521
2026-05-09,21:00,-1.790008544921875,4,3.9467902
2026-05-09,22:00,9.77001953125,4,-10.543352
2026-05-09,23:00,5.54998779296875,4,-51.498898
2026-05-10,00:00,2.1300048828125,0,-58.191742
2026-05-10,01:00,0.490020751953125,4,-19.966656
2026-05-10,02:00,7.720001220703125,4,8.042165
2026-05-10,03:00,6.589996337890625,4,4.437998
2026-05-10,04:00,4.3699951171875,4,9.905966
2026-05-10,05:00,6.989990234375,4,1.6914308
2026-05-10,06:00,5.44000244140625,4,-25.963375
2026-05-10,07:00,1.670013427734375,4,-0.5371842
2026-05-10,08:00,-9.8699951171875,4,22.057318
2026-05-10,09:00,16.339996337890625,4,37.16695
2026-05-10,10:00,2.97998046875,4,18.906965
2026-05-10,11:00,-1.6300048828125,4,-22.682686
2026-05-10,12:00,-11.42999267578125,4,-14.973281
2026-05-10,13:00,-108.3599853515625,4,-20.625582
2026-05-10,14:00,-21.970001220703125,4,-7.7383075
2026-05-10,15:00,-3.829986572265625,4,32.720936
2026-05-10,16:00,-42.139984130859375,4,1.0045692
2026-05-10,17:00,3.279998779296875,4,26.574549
2026-05-10,18:00,11.08001708984375,4,39.284397
2026-05-10,19:00,27.5,4,57.132072
2026-05-10,20:00,-10.8699951171875,4,32.05176
2026-05-10,21:00,-182.010009765625,4,6.785924
2026-05-10,22:00,-44.42999267578125,4,15.157085
2026-05-10,23:00,-10.769989013671875,0,9.972691
2026-05-11,00:00,-8.6500244140625,0,-36.233044
2026-05-11,01:00,-2.1300048828125,0,-1.3737236
2026-05-11,02:00,-3.649993896484375,4,18.270533
2026-05-11,03:00,1.94000244140625,4,11.313478
2026-05-11,04:00,-2.80999755859375,4,17.332552
2026-05-11,05:00,-9.21002197265625,4,9.603191
2026-05-11,06:00,-17.3800048828125,0,-2.6778524
2026-05-11,07:00,5.69000244140625,4,-13.510221
2026-05-11,08:00,-22.529998779296875,4,9.569574
2026-05-11,09:00,40.230010986328125,4,5.459337
2026-05-11,10:00,135.42999267578125,4,-8.265051
2026-05-11,11:00,68.47000122070312,4,-59.146484
2026-05-11,12:00,25.589996337890625,0,-72.90552
2026-05-11,13:00,100.60000610351562,0,-90.99504
2026-05-11,14:00,44.29998779296875,0,-91.43719
2026-05-11,15:00,51.760009765625,0,-75.35759
2026-05-11,16:00,89.76998901367188,0,-95.845665
2026-05-11,17:00,98.760009765625,0,-44.7586
2026-05-11,18:00,20.1099853515625,0,-21.067188
2026-05-11,19:00,-225.5,0,5.5868006
2026-05-11,20:00,-345.3599853515625,0,-5.8586493
2026-05-11,21:00,-285.010009765625,0,-16.87443
2026-05-11,22:00,-114.92001342773438,0,0.9863951
2026-05-11,23:00,-15.329986572265625,0,-18.890062
2026-05-12,00:00,15.899993896484375,0,-91.99222
2026-05-12,01:00,15.649993896484375,0,-51.96351
2026-05-12,02:00,10.71002197265625,4,-22.955791
2026-05-12,03:00,4.55999755859375,4,-19.682175
2026-05-12,04:00,-0.290008544921875,4,13.61034
2026-05-12,05:00,-3.709991455078125,4,-3.5500278
2026-05-12,06:00,-6.92999267578125,0,-47.24741
2026-05-12,07:00,2.1199951171875,4,-45.188618
2026-05-12,08:00,-8.29998779296875,4,-10.99306
2026-05-12,09:00,-6.25,4,7.1822166
2026-05-12,10:00,12.6199951171875,4,-16.419458
2026-05-12,11:00,0.779998779296875,4,-68.25406
2026-05-12,12:00,49.410003662109375,4,-100.87042
2026-05-12,13:00,0.220001220703125,0,-126.30113
2026-05-12,14:00,1.100006103515625,0,-116.13799
2026-05-12,15:00,-57.5,0,-92.89403
2026-05-12,16:00,-199.969970703125,0,-81.792404
2026-05-12,17:00,-133.6199951171875,0,-72.81656
2026-05-12,18:00,-237.72998046875,0,-12.526404
2026-05-12,19:00,-302.0199890136719,4,-32.208244
2026-05-12,20:00,-360.489990234375,0,-43.66245
2026-05-12,21:00,-224.00003051757812,0,-62.290737
2026-05-12,22:00,-138.62997436523438,0,-76.52656
2026-05-12,23:00,-14.27001953125,0,-49.891552
2026-05-13,00:00,-80.67999267578125,0,-101.56452
2026-05-13,01:00,-40.92999267578125,0,-56.049404
2026-05-13,02:00,-13.579986572265625,4,-41.227135
2026-05-13,03:00,-8.72998046875,4,-32.82571
2026-05-13,04:00,1.860015869140625,0,-14.920436
2026-05-13,05:00,1.220001220703125,4,-9.872759
2026-05-13,06:00,-14.0,0,-51.751118
2026-05-13,07:00,13.600006103515625,0,-39.67565
2026-05-13,08:00,-65.739990234375,4,2.372549
2026-05-13,09:00,-171.95999145507812,4,8.7879505
2026-05-13,10:00,-72.74002075195312,4,-2.7991207
2026-05-13,11:00,-238.23004150390625,0,-88.90398
2026-05-13,12:00,-92.75,0,-112.36446
2026-05-13,13:00,-26.3800048828125,0,-131.91693
2026-05-13,14:00,-33.70001220703125,0,-107.663284
2026-05-13,15:00,-77.0,0,-105.9379
2026-05-13,16:00,-337.09002685546875,0,-108.51119
2026-05-13,17:00,-194.16000366210938,0,-95.83135
2026-05-13,18:00,-285.9700012207031,0,-27.664238
2026-05-13,19:00,-260.0,0,-40.668064
2026-05-13,20:00,-382.6200256347656,4,-52.662533
2026-05-13,21:00,-325.9200134277344,4,-42.877716
2026-05-13,22:00,-94.67999267578125,4,-52.212982
2026-05-13,23:00,-38.209991455078125,0,-30.901012
2026-05-14,00:00,-112.54998779296875,0,-141.94232
2026-05-14,01:00,-92.11001586914062,0,-86.16845
2026-05-14,02:00,-32.16998291015625,4,-79.68035
2026-05-14,03:00,-34.329986572265625,0,-51.35036
2026-05-14,04:00,-30.209991455078125,0,-50.322186
2026-05-14,05:00,-21.72998046875,0,-41.016865
2026-05-14,06:00,-57.5,0,-72.1799
2026-05-14,07:00,-72.95001220703125,0,-69.405876
2026-05-14,08:00,-240.05996704101562,0,-99.12061
2026-05-14,09:00,-279.77996826171875,4,-51.876038
2026-05-14,10:00,-171.54000854492188,4,-56.46357
2026-05-14,11:00,-155.33999633789062,0,-121.35504
2026-05-14,12:00,-100.82998657226562,0,-150.06271
2026-05-14,13:00,-303.1499938964844,0,-144.81985
2026-05-14,14:00,-185.97003173828125,0,-155.28876
2026-05-14,15:00,-103.60000610351562,0,-166.47528
2026-05-14,16:00,89.30999755859375,0,-147.53151
2026-05-14,17:00,26.6300048828125,0,-130.3507
2026-05-14,18:00,-68.67001342773438,0,-70.19449
2026-05-14,19:00,-17.07000732421875,4,-56.183792
2026-05-14,20:00,-315.05999755859375,0,-122.94459
2026-05-14,21:00,-327.1000061035156,4,-124.2991
2026-05-14,22:00,-299.75,4,-107.32152
2026-05-14,23:00,-111.02001953125,0,-102.586494
2026-05-15,00:00,-55.0,0,-123.29218
2026-05-15,01:00,-33.5,0,-85.98686
2026-05-15,02:00,-9.389984130859375,4,-76.65463
2026-05-15,03:00,6.57000732421875,4,-83.3118
2026-05-15,04:00,28.17999267578125,4,-80.06614
2026-05-15,05:00,39.16998291015625,4,-37.180077
2026-05-15,06:00,21.970001220703125,0,-128.37408
2026-05-15,07:00,26.269989013671875,0,-125.94534
2026-05-15,08:00,0.529998779296875,0,-108.24676
2026-05-15,09:00,15.639984130859375,0,-90.838745
2026-05-15,10:00,-50.279998779296875,4,-109.8884
2026-05-15,11:00,-206.94998168945312,0,-142.55269
2026-05-15,12:00,-179.49002075195312,0,-125.45425
2026-05-15,13:00,-153.3900146484375,0,-112.48404
2026-05-15,14:00,27.3900146484375,0,-152.54306
2026-05-15,15:00,37.850006103515625,0,-132.36316
2026-05-15,16:00,63.6300048828125,0,-108.629585
2026-05-15,17:00,67.03997802734375,0,-74.385315
2026-05-15,18:00,77.29000854492188,0,-43.693638
2026-05-15,19:00,136.20001220703125,0,-17.453222
2026-05-15,20:00,109.78997802734375,0,-25.707676
2026-05-15,21:00,73.77001953125,0,-123.30623
2026-05-15,22:00,78.52001953125,0,-142.31802
2026-05-15,23:00,40.30999755859375,0,-104.79821
2026-05-16,00:00,6.839996337890625,0,-162.87288
2026-05-16,01:00,74.37997436523438,0,-146.91579
2026-05-16,02:00,96.07000732421875,4,-125.40872
2026-05-16,03:00,71.19000244140625,4,-125.85082
2026-05-16,04:00,77.69000244140625,4,-140.3739
2026-05-16,05:00,76.74002075195312,0,-168.61263
2026-05-16,06:00,102.63998413085938,0,-196.92299
2026-05-16,07:00,76.89999389648438,0,-159.78178
2026-05-16,08:00,126.16000366210938,0,-161.04651
2026-05-16,09:00,131.81997680664062,0,-75.15636
2026-05-16,10:00,116.72999572753906,0,-114.56194
2026-05-16,11:00,84.09002685546875,0,-148.68095
2026-05-16,12:00,143.24000549316406,0,-154.80641
2026-05-16,13:00,107.989990234375,0,-149.02367
2026-05-16,14:00,114.57000732421875,0,-155.72556
2026-05-16,15:00,60.970001220703125,0,-169.38625
2026-05-16,16:00,63.959991455078125,0,-179.62282
2026-05-16,17:00,52.07000732421875,0,-170.15283
2026-05-16,18:00,52.30999755859375,4,-129.98013
2026-05-16,19:00,107.82998657226562,4,-65.790215
2026-05-16,20:00,95.83999633789062,4,-39.61644
2026-05-16,21:00,73.07000732421875,4,-78.657814
2026-05-16,22:00,66.6300048828125,4,-64.9144
2026-05-16,23:00,51.639984130859375,4,-82.75675
2026-05-17,00:00,9.79998779296875,4,21.554739
2026-05-17,01:00,28.449981689453125,4,34.35786
2026-05-17,02:00,54.5,4,12.015968
2026-05-17,03:00,67.72000122070312,4,8.445544
2026-05-17,04:00,77.27000427246094,4,4.875039
2026-05-17,05:00,73.30998229980469,4,20.771837
2026-05-17,06:00,73.37001037597656,4,32.856567
2026-05-17,07:00,101.95999145507812,4,36.9581
2026-05-17,08:00,243.35000610351562,4,43.373653
2026-05-17,09:00,269.239990234375,4,36.237637
2026-05-17,10:00,264.54998779296875,4,32.315197
2026-05-17,11:00,263.8399963378906,4,12.081031
2026-05-17,12:00,213.9199981689453,4,-4.937824
2026-05-17,13:00,199.15000915527344,4,-19.166296
2026-05-17,14:00,262.07000732421875,4,-13.529918
2026-05-17,15:00,258.82000732421875,4,-11.4027815
2026-05-17,16:00,84.77999877929688,4,-28.565552
2026-05-17,17:00,81.39999389648438,4,-20.069557
2026-05-17,18:00,29.55999755859375,4,-28.9285
2026-05-17,19:00,46.82000732421875,4,-2.8373783
2026-05-17,20:00,35.519989013671875,4,-2.483883
2026-05-17,21:00,-10.05999755859375,4,-6.4695644
2026-05-17,22:00,8.029998779296875,4,5.7868533
2026-05-17,23:00,29.579986572265625,4,-18.284285
2026-05-18,00:00,-135.72000122070312,4,-3.331127
2026-05-18,01:00,-53.44000244140625,4,-3.0587533
2026-05-18,02:00,2.779998779296875,4,-10.264554
2026-05-18,03:00,35.19000244140625,4,13.461193
2026-05-18,04:00,39.55999755859375,4,14.419347
2026-05-18,05:00,24.579986572265625,4,-10.276572
2026-05-18,06:00,-23.20001220703125,4,-6.766212
2026-05-18,07:00,12.649993896484375,4,-17.4059
2026-05-18,08:00,-424.6499938964844,0,-19.918285
2026-05-18,09:00,42.420013427734375,4,-31.574814
2026-05-18,10:00,70.76998901367188,4,14.598485
2026-05-18,11:00,100.72001647949219,0,-43.290745
2026-05-18,12:00,90.68000793457031,0,-31.037428
2026-05-18,13:00,95.81999206542969,0,-22.464804
2026-05-18,14:00,46.11000061035156,4,-2.3398497
2026-05-18,15:00,-43.660003662109375,4,-12.886575
2026-05-18,16:00,-98.50997924804688,4,-32.52353
2026-05-18,17:00,-70.6099853515625,4,8.640202
2026-05-18,18:00,-307.17999267578125,0,17.886433
2026-05-18,19:00,-399.8699645996094,0,-28.302626
2026-05-18,20:00,-459.44000244140625,0,-56.994602
2026-05-18,21:00,-318.7900085449219,0,-94.68436
2026-05-18,22:00,-234.59002685546875,4,-13.42996
2026-05-18,23:00,-30.720001220703125,0,-8.054926
2026-05-19,00:00,-77.89999389648438,4,-5.6938696
2026-05-19,01:00,-83.54000854492188,4,-2.8493707
2026-05-19,02:00,-17.360015869140625,4,21.351263
2026-05-19,03:00,5.540008544921875,4,20.828741
2026-05-19,04:00,18.759979248046875,4,24.130981
2026-05-19,05:00,14.239990234375,4,23.842337
2026-05-19,06:00,-45.489990234375,4,15.304554
2026-05-19,07:00,9.879974365234375,4,-8.433952
2026-05-19,08:00,-61.730010986328125,4,-29.832815
2026-05-19,09:00,-154.42999267578125,4,-17.119158
2026-05-19,10:00,-123.19998168945312,4,4.856791
2026-05-19,11:00,-29.050018310546875,4,-45.12429
2026-05-19,12:00,14.029998779296875,4,-43.84294
2026-05-19,13:00,-51.44000244140625,4,-52.671593
2026-05-19,14:00,-16.16998291015625,4,-22.943558
2026-05-19,15:00,-7.0,4,-8.534412
2026-05-19,16:00,-7.389984130859375,4,-21.72985
2026-05-19,17:00,28.489990234375,4,3.8237543
2026-05-19,18:00,15.490020751953125,4,-13.153751
2026-05-19,19:00,101.75,4,-28.408382
2026-05-19,20:00,-36.829986572265625,4,-57.62623
2026-05-19,21:00,-44.600006103515625,4,-55.69862
2026-05-19,22:00,4.489990234375,4,-26.252628
2026-05-19,23:00,25.3699951171875,4,-31.097548
2026-05-20,00:00,-0.02001953125,4,-10.323701
2026-05-20,01:00,10.07000732421875,4,-13.583628
2026-05-20,02:00,13.97998046875,4,8.308896
2026-05-20,03:00,15.629974365234375,4,13.001438
2026-05-20,04:00,17.300018310546875,4,-1.5678304
2026-05-20,05:00,14.66998291015625,4,-0.9257259
2026-05-20,06:00,7.040008544921875,4,2.2445314
2026-05-20,07:00,-18.029998779296875,4,2.5318007
2026-05-20,08:00,-206.29000854492188,4,3.9138978
2026-05-20,09:00,-158.26998901367188,4,13.662078
2026-05-20,10:00,-58.699981689453125,4,34.536034
2026-05-20,11:00,-74.26998901367188,0,-23.076073
2026-05-20,12:00,-58.410003662109375,4,-5.766479
2026-05-20,13:00,-82.16998291015625,4,-27.467474
2026-05-20,14:00,-63.07000732421875,4,-21.062277
2026-05-20,15:00,-160.72000122070312,4,-11.714802
2026-05-20,16:00,-235.8599853515625,4,-35.20538
2026-05-20,17:00,-268.6900329589844,4,-60.574207
2026-05-20,18:00,-168.92996215820312,4,-33.505936
2026-05-20,19:00,-7.5999755859375,4,-58.571774
2026-05-20,20:00,102.8499755859375,4,-83.44402
2026-05-20,21:00,31.050018310546875,4,-94.91332
2026-05-20,22:00,-13.100006103515625,4,-63.420223
2026-05-20,23:00,8.779998779296875,4,-65.3444
2026-05-21,00:00,-22.42999267578125,0,-32.40986
2026-05-21,01:00,2.92999267578125,4,-36.13313
2026-05-21,02:00,-1.209991455078125,4,-25.994688
2026-05-21,03:00,8.839996337890625,4,3.6208348
2026-05-21,04:00,9.910003662109375,4,6.6272945
2026-05-21,05:00,12.8800048828125,4,7.271288
2026-05-21,06:00,1.639984130859375,4,-5.083197
2026-05-21,07:00,19.72998046875,4,0.6856999
2026-05-21,08:00,6.47998046875,4,-21.090755
2026-05-21,09:00,-46.970001220703125,4,-29.685
2026-05-21,10:00,-95.46002197265625,4,-40.302467
2026-05-21,11:00,-100.989990234375,0,-67.1944
2026-05-21,12:00,-67.77001953125,4,-56.51853
2026-05-21,13:00,-22.989990234375,4,-133.5456
2026-05-21,14:00,-6.46002197265625,4,-96.630356
2026-05-21,15:00,-158.02999877929688,4,-109.42165
2026-05-21,16:00,-185.77999877929688,4,-69.82716
2026-05-21,17:00,-166.27996826171875,4,-75.92604
2026-05-21,18:00,-309.739990234375,4,-39.71143
2026-05-21,19:00,-284.9399719238281,4,-63.094784
2026-05-21,20:00,-238.19000244140625,4,-132.15314
2026-05-21,21:00,-424.8799743652344,4,-130.26617
2026-05-21,22:00,-135.15997314453125,4,-48.92491
2026-05-21,23:00,-19.470001220703125,4,-53.153473
2026-05-22,00:00,38.67999267578125,4,-85.15409
2026-05-22,01:00,14.459991455078125,4,-110.50282
2026-05-22,02:00,-1.5,4,-79.68092
2026-05-22,03:00,-0.629974365234375,4,-73.61745
2026-05-22,04:00,23.03997802734375,4,-47.208084
2026-05-22,05:00,10.709991455078125,4,-27.294495
2026-05-22,06:00,-10.21002197265625,4,-42.240913
2026-05-22,07:00,17.660003662109375,4,-35.36514
2026-05-22,08:00,-53.3800048828125,4,-42.208824
2026-05-22,09:00,-12.94000244140625,4,-48.392925
2026-05-22,10:00,-29.3800048828125,4,-78.364876
2026-05-22,11:00,-98.58001708984375,4,-113.26293
2026-05-22,12:00,-64.83001708984375,4,-88.977165
2026-05-22,13:00,-22.30999755859375,4,-113.99048
2026-05-22,14:00,-26.540008544921875,4,-55.74689
2026-05-22,15:00,0.989990234375,4,-39.471233
2026-05-22,16:00,-26.540008544921875,4,-45.16239
2026-05-22,17:00,-60.45001220703125,4,-32.925945
2026-05-22,18:00,-75.72000122070312,4,-63.332546
2026-05-22,19:00,-91.260009765625,4,-91.7775
2026-05-22,20:00,-132.61001586914062,4,-136.9518
2026-05-22,21:00,-123.80996704101562,4,-160.79935
2026-05-22,22:00,-52.899993896484375,4,-117.71679
2026-05-22,23:00,-3.819976806640625,4,-128.42511
2026-05-23,00:00,-165.06002807617188,4,-134.999
2026-05-23,01:00,-81.97000122070312,0,-134.77722
2026-05-23,02:00,-8.70001220703125,4,-108.44684
2026-05-23,03:00,-3.72998046875,4,-99.295654
2026-05-23,04:00,-11.399993896484375,4,-75.72455
2026-05-23,05:00,-3.470001220703125,4,-76.2917
2026-05-23,06:00,12.230010986328125,4,-51.287937
2026-05-23,07:00,8.459991455078125,4,-54.26811
2026-05-23,08:00,1.54998779296875,4,-55.371803
2026-05-23,09:00,-31.769989013671875,4,-56.035965
2026-05-23,10:00,-106.94998168945312,4,-91.85121
2026-05-23,11:00,-152.33999633789062,4,-124.95572
2026-05-23,12:00,-52.050018310546875,4,-78.98091
2026-05-23,13:00,-102.79000854492188,4,-105.90376
2026-05-23,14:00,-8.350006103515625,4,-103.119576
2026-05-23,15:00,7.160003662109375,4,-83.530396
2026-05-23,16:00,-42.519989013671875,4,-68.71875
2026-05-23,17:00,-37.379974365234375,4,-70.77534
2026-05-23,18:00,-121.01998901367188,4,-121.29372
2026-05-23,19:00,-20.6400146484375,0,-153.9853
2026-05-23,20:00,-111.83999633789062,0,-240.59622
2026-05-23,21:00,-143.29998779296875,0,-190.85907
2026-05-23,22:00,-145.31997680664062,0,-132.88051
2026-05-23,23:00,-41.47998046875,0,-116.390015
2026-05-24,00:00,17.239990234375,0,-128.02782
2026-05-24,01:00,37.82000732421875,0,-126.4102
2026-05-24,02:00,11.360015869140625,0,-108.90979
2026-05-24,03:00,7.29998779296875,2,-64.03366
2026-05-24,04:00,8.80999755859375,4,-38.66462
2026-05-24,05:00,4.40997314453125,2,-42.415718
2026-05-24,06:00,-1.800018310546875,0,-57.955444
2026-05-24,07:00,-3.44000244140625,3,-55.718513
2026-05-24,08:00,5.3900146484375,0,-22.246681
2026-05-24,09:00,-14.5,0,-30.534061
2026-05-24,10:00,32.089996337890625,0,-93.515175
2026-05-24,11:00,68.20999145507812,0,-120.95932
2026-05-24,12:00,-38.37998962402344,0,-92.98211
2026-05-24,13:00,-7.480010986328125,0,-117.28268
2026-05-24,14:00,23.519989013671875,0,-65.30773
2026-05-24,15:00,1.79998779296875,0,-155.63995
2026-05-24,16:00,-31.92999267578125,0,-216.73595
2026-05-24,17:00,15.540008544921875,0,-202.56813
2026-05-24,18:00,4.4000244140625,0,-181.63687
2026-05-24,19:00,41.46002197265625,0,-156.91725
2026-05-24,20:00,66.5,0,-284.90607
2026-05-24,21:00,63.199981689453125,0,-265.4941
2026-05-24,22:00,120.31997680664062,0,-272.6885
2026-05-24,23:00,34.649993896484375,0,-260.4695
2026-05-25,00:00,-9.20001220703125,0,-269.01846
2026-05-25,01:00,32.1300048828125,0,-268.09595
2026-05-25,02:00,16.760009765625,0,-207.1164
2026-05-25,03:00,18.0999755859375,0,-229.98154
2026-05-25,04:00,12.54998779296875,0,-190.43036
2026-05-25,05:00,-5.949981689453125,0,-108.26178
2026-05-25,06:00,-43.80999755859375,0,-120.47898
2026-05-25,07:00,-43.420013427734375,0,-109.4687
2026-05-25,08:00,-41.160003662109375,0,-83.1312
2026-05-25,09:00,-55.739990234375,0,-108.9368
2026-05-25,10:00,-77.22998046875,0,-163.25352
2026-05-25,11:00,-56.8800048828125,0,-265.43158
2026-05-25,12:00,-21.28997802734375,0,-163.11986
2026-05-25,13:00,-50.1300048828125,0,-111.268295
2026-05-25,14:00,-36.600006103515625,0,-78.70641
2026-05-25,15:00,-24.089996337890625,0,-82.26718
2026-05-25,16:00,-73.57998657226562,0,-107.01746
2026-05-25,17:00,-190.63998413085938,0,-192.10733
2026-05-25,18:00,-173.61001586914062,0,-270.5149
2026-05-25,19:00,-368.6300048828125,0,-307.07553
2026-05-25,20:00,-269.30999755859375,0,-358.2144
2026-05-25,21:00,-338.73004150390625,0,-401.876
2026-05-25,22:00,-266.65997314453125,0,-293.439
2026-05-25,23:00,-164.11001586914062,0,-205.7423
2026-05-26,00:00,-217.55999755859375,0,-282.5079
2026-05-26,01:00,-64.75,0,-237.64828
2026-05-26,02:00,-54.6500244140625,0,-227.03741
2026-05-26,03:00,-125.41000366210938,0,-233.5008
2026-05-26,04:00,-172.66998291015625,4,-193.49002
2026-05-26,05:00,-176.48004150390625,0,-163.68819
2026-05-26,06:00,-330.80999755859375,0,-103.60193
2026-05-26,07:00,-52.670013427734375,0,-100.718155
2026-05-26,08:00,-95.6099853515625,0,-73.3223
2026-05-26,09:00,-45.80999755859375,0,-73.10805
2026-05-26,10:00,-110.31997680664062,0,-153.86226
2026-05-26,11:00,-66.05999755859375,0,-186.75212
2026-05-26,12:00,-45.23004150390625,0,-171.51137
2026-05-26,13:00,-54.32000732421875,0,-156.758
2026-05-26,14:00,-14.189971923828125,0,-84.59875
2026-05-26,15:00,-16.54998779296875,0,-90.27007
2026-05-26,16:00,-182.05999755859375,0,-112.797195
2026-05-26,17:00,-155.42999267578125,0,-140.11919
2026-05-26,18:00,-286.1199951171875,0,-183.07301
2026-05-26,19:00,-428.42999267578125,0,-247.8149
2026-05-26,20:00,-641.06005859375,0,-238.8591
2026-05-26,21:00,-784.5699462890625,0,-245.11015
2026-05-26,22:00,-534.5700073242188,0,-221.20178
2026-05-26,23:00,-479.8299865722656,0,-180.56567
2026-05-27,00:00,-425.3599853515625,0,-196.36732
2026-05-27,01:00,-379.92999267578125,0,-195.89224
2026-05-27,02:00,-411.66998291015625,0,-158.1465
2026-05-27,03:00,-301.91998291015625,0,-107.64145
2026-05-27,04:00,-138.85000610351562,4,-105.66501
2026-05-27,05:00,-98.57998657226562,0,-148.29254
2026-05-27,06:00,-87.04000854492188,0,-148.82468
2026-05-27,07:00,28.67999267578125,0,-139.91359
2026-05-27,08:00,23.930023193359375,0,-110.11033
2026-05-27,09:00,10.97998046875,0,-140.25337
2026-05-27,10:00,17.05999755859375,0,-144.88599
2026-05-27,11:00,-62.730010986328125,0,-180.867
2026-05-27,12:00,-63.5899658203125,0,-127.50687
2026-05-27,13:00,-18.57000732421875,0,-130.9505
2026-05-27,14:00,-40.47003173828125,0,-124.355095
2026-05-27,15:00,-25.35003662109375,0,-92.638306
2026-05-27,16:00,-104.97003173828125,0,-129.49817
2026-05-27,17:00,-68.6099853515625,0,-157.24666
2026-05-27,18:00,-106.8900146484375,0,-118.70168
2026-05-27,19:00,-231.67999267578125,0,-166.78214
2026-05-27,20:00,-319.97998046875,0,-238.36546
2026-05-27,21:00,-462.469970703125,0,-211.30319
2026-05-27,22:00,-523.760009765625,0,-197.4041
2026-05-27,23:00,-277.27001953125,0,-163.43082
2026-05-28,00:00,-179.08001708984375,0,-152.71344
2026-05-28,01:00,-521.6599731445312,0,-162.05698
2026-05-28,02:00,-365.97998046875,0,-123.79428
2026-05-28,03:00,-196.50003051757812,0,-90.665596
2026-05-28,04:00,-79.08999633789062,4,-75.01288
2026-05-28,05:00,-38.720001220703125,0,-78.56099
2026-05-28,06:00,-16.819976806640625,0,-91.5516
2026-05-28,07:00,20.66998291015625,0,-76.731476
2026-05-28,08:00,25.079986572265625,0,-70.453026
2026-05-28,09:00,-23.279998779296875,0,-73.86479
2026-05-28,10:00,-48.8599853515625,0,-96.50901
2026-05-28,11:00,32.6300048828125,0,-155.93669
2026-05-28,12:00,-33.75,0,-117.59565
2026-05-28,13:00,-41.850006103515625,0,-129.57309
2026-05-28,14:00,-1.19000244140625,0,-73.29289
2026-05-28,15:00,-45.649993896484375,0,-112.462296
2026-05-28,16:00,-101.21002197265625,0,-146.51486
2026-05-28,17:00,-150.57000732421875,0,-119.778625
2026-05-28,18:00,-389.41998291015625,0,-172.5545
2026-05-28,19:00,-364.8800048828125,0,-104.00194
2026-05-28,20:00,-533.68994140625,0,-168.92502
2026-05-28,21:00,-558.5499267578125,0,-171.92087
2026-05-28,22:00,-556.2099609375,0,-141.34091
2026-05-28,23:00,-399.9599609375,0,-105.31813
2026-05-29,00:00,-80.3699951171875,0,-202.82364
2026-05-29,01:00,64.78997802734375,0,-144.88379
2026-05-29,02:00,64.02999877929688,0,-121.51854
2026-05-29,03:00,30.579986572265625,4,-68.9082
2026-05-29,04:00,57.730010986328125,0,-101.26731
2026-05-29,05:00,52.800018310546875,0,-143.51768
2026-05-29,06:00,64.30001831054688,0,-77.7681
2026-05-29,07:00,37.22998046875,0,-118.09463
2026-05-29,08:00,31.610015869140625,0,-121.35373
2026-05-29,09:00,22.029998779296875,0,-112.29124
2026-05-29,10:00,23.220001220703125,0,-122.10833
2026-05-29,11:00,-93.489990234375,0,-119.19941
2026-05-29,12:00,-19.219970703125,0,-72.0619
2026-05-29,13:00,-74.3900146484375,0,-62.38245
2026-05-29,14:00,-83.89996337890625,0,-38.749146
2026-05-29,15:00,-53.72998046875,0,-62.807003
2026-05-29,16:00,-71.09002685546875,0,-105.14252
2026-05-29,17:00,-62.3699951171875,0,-107.50955
2026-05-29,18:00,11.08001708984375,0,-245.07065
2026-05-29,19:00,176.8499755859375,0,-248.13914
2026-05-29,20:00,264.45001220703125,0,-191.74756
2026-05-29,21:00,356.33001708984375,0,-303.66736
2026-05-29,22:00,514.030029296875,0,-280.30258
2026-05-29,23:00,328.28997802734375,0,-110.405426
2026-05-30,00:00,55.4000244140625,0,-189.14725
2026-05-30,01:00,150.41998291015625,0,-123.745865
2026-05-30,02:00,154.260009765625,0,-74.86301
2026-05-30,03:00,145.31002807617188,0,-35.496216
2026-05-30,04:00,162.4000244140625,2,-58.77167
2026-05-30,05:00,114.27999877929688,2,-15.394987
2026-05-30,06:00,115.81997680664062,2,-56.44134
2026-05-30,07:00,79.6500244140625,3,-40.757683
2026-05-30,08:00,205.69998168945312,0,-7.2060566
2026-05-30,09:00,320.6800231933594,0,-48.90003
2026-05-30,10:00,326.77996826171875,0,-83.59446
2026-05-30,11:00,282.1400146484375,0,-106.99714
2026-05-30,12:00,209.02999877929688,0,-73.13243
2026-05-30,13:00,147.10000610351562,0,-95.56781
2026-05-30,14:00,124.92999267578125,0,-25.017565
2026-05-30,15:00,146.80996704101562,0,0.38352442
2026-05-30,16:00,149.60000610351562,0,-70.74964
2026-05-30,17:00,163.75,0,-68.11
2026-05-30,18:00,192.97998046875,0,-88.371956
2026-05-30,19:00,258.8999938964844,0,-77.13888
2026-05-30,20:00,238.3499755859375,0,-119.3058
2026-05-30,21:00,229.88003540039062,0,-74.97374
2026-05-30,22:00,185.739990234375,0,-44.73362
2026-05-30,23:00,135.06997680664062,0,-27.223507
2026-05-31,00:00,-183.05999755859375,4,51.752533
2026-05-31,01:00,-33.5799560546875,4,128.5547
2026-05-31,02:00,30.92999267578125,4,124.132706
2026-05-31,03:00,56.399993896484375,4,108.45216
2026-05-31,04:00,79.80999755859375,4,131.42548
2026-05-31,05:00,55.970001220703125,4,82.38097
2026-05-31,06:00,41.170013427734375,4,79.87448
2026-05-31,07:00,9.910003662109375,4,107.08362
2026-05-31,08:00,91.260009765625,4,130.1551
2026-05-31,09:00,184.78001403808594,4,142.13678
2026-05-31,10:00,201.04000854492188,4,133.9407
2026-05-31,11:00,125.53999328613281,4,94.86793
2026-05-31,12:00,164.0900115966797,4,87.23471
2026-05-31,13:00,122.67999267578125,4,71.37647
2026-05-31,14:00,238.87998962402344,4,87.32825
2026-05-31,15:00,146.41000366210938,4,-4.4884567
2026-05-31,16:00,189.67001342773438,4,7.910116
2026-05-31,17:00,256.52001953125,4,-26.932682
2026-05-31,18:00,225.05001831054688,4,-18.034977
2026-05-31,19:00,249.89996337890625,4,-10.876376
2026-05-31,20:00,221.47000122070312,4,-30.089136
2026-05-31,21:00,211.63998413085938,4,-30.914352
2026-05-31,22:00,182.98001098632812,4,66.01088
2026-05-31,23:00,170.16000366210938,4,42.649036
2026-06-01,00:00,65.16998291015625,4,-52.370434
2026-06-01,01:00,64.35000610351562,4,1.9771216
2026-06-01,02:00,59.8699951171875,4,13.867268
2026-06-01,03:00,45.54998779296875,4,12.27368
2026-06-01,04:00,31.029998779296875,4,-6.8752294
2026-06-01,05:00,-43.71002197265625,4,-4.197401
2026-06-01,06:00,25.6099853515625,4,11.015088
2026-06-01,07:00,68.79998779296875,4,37.879047
2026-06-01,08:00,87.6099853515625,4,45.78157
2026-06-01,09:00,139.989990234375,4,40.764713
2026-06-01,10:00,171.3000030517578,4,81.056305
2026-06-01,11:00,185.0500030517578,4,18.896574
2026-06-01,12:00,120.73001098632812,4,22.257568
2026-06-01,13:00,72.12002563476562,4,3.3953257
2026-06-01,14:00,154.47998046875,4,5.8414125
2026-06-01,15:00,103.19998168945312,4,18.0006
2026-06-01,16:00,65.68002319335938,4,6.4460974
2026-06-01,17:00,94.3599853515625,4,19.139124
2026-06-01,18:00,94.56997680664062,4,-76.14235
2026-06-01,19:00,173.45001220703125,4,-111.12056
2026-06-01,20:00,131.68002319335938,4,-170.23196
2026-06-01,21:00,115.74002075195312,4,-169.87292
2026-06-01,22:00,145.74002075195312,4,-23.215963
2026-06-01,23:00,128.04000854492188,4,-39.21417
2026-06-02,00:00,13.25,4,-55.625053
2026-06-02,01:00,6.730010986328125,4,-3.3260682
2026-06-02,02:00,-50.660003662109375,4,25.841154
2026-06-02,03:00,-14.1300048828125,4,-22.857393
2026-06-02,04:00,5.040008544921875,4,16.2559
2026-06-02,05:00,9.800018310546875,4,8.792974
2026-06-02,06:00,-7.399993896484375,4,10.142017
2026-06-02,07:00,6.55999755859375,4,32.09549
2026-06-02,08:00,26.5,4,45.93973
2026-06-02,09:00,-24.8800048828125,4,67.47088
2026-06-02,10:00,47.930023193359375,4,52.385426
2026-06-02,11:00,-79.80999755859375,4,34.080223
2026-06-02,12:00,30.089996337890625,4,55.74255
2026-06-02,13:00,57.779998779296875,4,43.374733
2026-06-02,14:00,60.949981689453125,4,51.41747
2026-06-02,15:00,31.579986572265625,4,63.280357
2026-06-02,16:00,-10.8499755859375,4,58.576164
2026-06-02,17:00,1.34002685546875,4,48.727303
2026-06-02,18:00,-12.92999267578125,4,18.927677
2026-06-02,19:00,-5.91998291015625,4,-66.095985
2026-06-02,20:00,-79.1500244140625,4,-70.77572
2026-06-02,21:00,-102.99005126953125,4,-119.82637
2026-06-02,22:00,26.10003662109375,4,-65.78352
2026-06-02,23:00,-18.470001220703125,4,-50.204777
2026-06-03,00:00,43.4000244140625,0,-78.50647
2026-06-03,01:00,36.17999267578125,4,-23.241467
2026-06-03,02:00,37.220001220703125,4,-19.84781
2026-06-03,03:00,37.720001220703125,4,-19.91085
2026-06-03,04:00,18.069976806640625,4,-57.904064
2026-06-03,05:00,7.290008544921875,4,-79.64113
2026-06-03,06:00,0.3499755859375,4,-14.391214
2026-06-03,07:00,8.959991455078125,4,20.429445
2026-06-03,08:00,28.180023193359375,4,37.1186
2026-06-03,09:00,16.170013427734375,4,47.314682
2026-06-03,10:00,4.19000244140625,4,57.38469
2026-06-03,11:00,-16.189971923828125,4,70.214035
2026-06-03,12:00,6.410003662109375,4,63.66745
2026-06-03,13:00,-8.30999755859375,4,51.29357
2026-06-03,14:00,28.75,4,47.861393
2026-06-03,15:00,26.850006103515625,4,70.68723
2026-06-03,16:00,12.42999267578125,4,65.859505
2026-06-03,17:00,-7.63995361328125,4,40.39097
2026-06-03,18:00,3.5,4,34.07434
2026-06-03,19:00,46.02001953125,4,-118.58584
2026-06-03,20:00,5.969970703125,4,-87.752754
2026-06-03,21:00,107.8699951171875,4,-96.02001
2026-06-03,22:00,190.16998291015625,4,-25.173992
2026-06-03,23:00,45.970001220703125,4,-22.776276
2026-06-04,00:00,-58.589996337890625,4,-65.68591
2026-06-04,01:00,-166.36996459960938,4,-3.9027572
2026-06-04,02:00,-43.1099853515625,4,-20.297869
2026-06-04,03:00,5.75,4,-42.726242
2026-06-04,04:00,19.769989013671875,4,1.117305
2026-06-04,05:00,7.5,4,7.9173603
2026-06-04,06:00,3.279998779296875,4,14.429756
2026-06-04,07:00,30.5,4,41.38746
2026-06-04,08:00,42.269989013671875,4,56.794495
2026-06-04,09:00,63.829986572265625,4,77.232216
2026-06-04,10:00,69.30999755859375,4,50.538277
2026-06-04,11:00,-16.57000732421875,4,50.094162
2026-06-04,12:00,26.78997802734375,4,40.21315
2026-06-04,13:00,-11.9000244140625,4,54.558743
2026-06-04,14:00,28.760009765625,4,78.10191
2026-06-04,15:00,2.269989013671875,4,81.10928
2026-06-04,16:00,-5.83001708984375,4,101.75649
2026-06-04,17:00,-106.19000244140625,4,99.03527
2026-06-04,18:00,-91.719970703125,4,0.7057998
2026-06-04,19:00,-41.72003173828125,4,-57.292374
2026-06-04,20:00,0.88995361328125,4,-39.625534
2026-06-04,21:00,-23.88995361328125,4,-30.551105
2026-06-04,22:00,-49.7900390625,4,-38.310623
2026-06-04,23:00,-69.92999267578125,4,-39.302883
2026-06-05,00:00,-274.199951171875,0,-67.76558
2026-06-05,01:00,-365.0400390625,4,-4.931847
2026-06-05,02:00,-80.47000122070312,4,-12.175473
2026-06-05,03:00,-27.379974365234375,4,-7.7496195
2026-06-05,04:00,-25.760009765625,4,-21.06438
2026-06-05,05:00,-11.3599853515625,4,-9.038029
2026-06-05,06:00,2.870025634765625,4,41.224785
2026-06-05,07:00,-20.79998779296875,4,35.217358
2026-06-05,08:00,-134.3399658203125,4,53.46793
2026-06-05,09:00,-104.66998291015625,4,74.83779
2026-06-05,10:00,-166.030029296875,4,31.500652
2026-06-05,11:00,-156.64999389648438,4,25.213757
2026-06-05,12:00,-80.09002685546875,4,26.713837
2026-06-05,13:00,-78.53997802734375,4,25.455486
2026-06-05,14:00,-114.6500244140625,4,31.204008
2026-06-05,15:00,-60.7900390625,4,8.113177
2026-06-05,16:00,45.8900146484375,4,22.67147
2026-06-05,17:00,84.91998291015625,4,80.14544
2026-06-05,18:00,128.60003662109375,4,17.328457
2026-06-05,19:00,91.85003662109375,4,-41.83603
2026-06-05,20:00,139.77001953125,4,-62.667896
2026-06-05,21:00,174.91998291015625,4,-30.851683
2026-06-05,22:00,137.6300048828125,4,-20.727755
2026-06-05,23:00,-80.92996215820312,4,-19.667997
2026-06-06,00:00,-268.0899658203125,4,-38.837227
2026-06-06,01:00,-321.77001953125,4,-12.032112
2026-06-06,02:00,-468.3000183105469,4,-10.198433
2026-06-06,03:00,-10.3599853515625,4,-17.23524
2026-06-06,04:00,-5.510009765625,4,-41.589924
2026-06-06,05:00,0.050018310546875,4,-47.26583
2026-06-06,06:00,-21.0,4,15.103754
2026-06-06,07:00,-23.089996337890625,4,-1.2889987
2026-06-06,08:00,-147.42999267578125,4,41.622692
2026-06-06,09:00,-257.4000244140625,4,32.44153
2026-06-06,10:00,-284.07000732421875,4,36.980522
2026-06-06,11:00,-465.1000061035156,4,34.389008
2026-06-06,12:00,-7.25,4,21.16856
2026-06-06,13:00,33.15997314453125,4,-13.811496
2026-06-06,14:00,183.85000610351562,4,30.242123
2026-06-06,15:00,137.82000732421875,4,8.026393
2026-06-06,16:00,103.41998291015625,4,17.611862
2026-06-06,17:00,63.1700439453125,4,22.130001
2026-06-06,18:00,126.62997436523438,4,6.4177885
2026-06-06,19:00,144.11001586914062,4,-64.663666
2026-06-06,20:00,108.989990234375,4,-36.355953
2026-06-06,21:00,119.6300048828125,4,-40.905064
2026-06-06,22:00,121.12002563476562,4,-29.193657
2026-06-06,23:00,93.27999877929688,4,-33.567524
2026-06-07,00:00,120.35000610351562,0,-28.86774
2026-06-07,01:00,110.72000122070312,0,-43.55338
2026-06-07,02:00,47.94000244140625,0,-0.87696046
2026-06-07,03:00,42.0,0,7.6530743
2026-06-07,04:00,32.41998291015625,1,19.53715
2026-06-07,05:00,33.80999755859375,0,1.5196205
2026-06-07,06:00,20.660003662109375,0,-12.069235
2026-06-07,07:00,11.19000244140625,0,-18.855824
2026-06-07,08:00,0.04998779296875,0,-30.091194
2026-06-07,09:00,35.829986572265625,0,-119.42063
2026-06-07,10:00,95.51998901367188,0,-122.66132
2026-06-07,11:00,109.75,0,-175.52733
2026-06-07,12:00,87.20999145507812,4,-32.666306
2026-06-07,13:00,110.75,4,-8.411933
2026-06-07,14:00,109.8599853515625,4,8.855642
2026-06-07,15:00,19.220001220703125,4,50.332935
2026-06-07,16:00,20.519989013671875,4,43.32763
2026-06-07,17:00,56.29998779296875,4,36.557484
2026-06-07,18:00,12.6300048828125,4,43.920174
2026-06-07,19:00,15.8499755859375,4,55.39044
2026-06-07,20:00,12.5699462890625,4,57.155025
2026-06-07,21:00,-58.1099853515625,4,13.591382
2026-06-07,22:00,-2.470001220703125,4,23.262115
2026-06-07,23:00,39.07000732421875,4,15.2770195
2026-06-08,00:00,14.129974365234375,0,-43.902367
2026-06-08,01:00,-37.79998779296875,4,-18.785866
2026-06-08,02:00,1.30999755859375,0,-16.491415
2026-06-08,03:00,8.70001220703125,4,-22.406122
2026-06-08,04:00,9.91998291015625,4,-19.605436
2026-06-08,05:00,15.579986572265625,2,-12.56081
2026-06-08,06:00,11.010009765625,4,0.78808117
2026-06-08,07:00,25.6099853515625,4,-3.6102097
2026-06-08,08:00,62.839996337890625,4,-8.551926
2026-06-08,09:00,4.65997314453125,4,-5.650792
2026-06-08,10:00,-41.83001708984375,4,39.92529
2026-06-08,11:00,-90.63998413085938,4,-9.821414
2026-06-08,12:00,-48.33001708984375,4,-11.36305
2026-06-08,13:00,-41.280029296875,4,9.357036
2026-06-08,14:00,96.760009765625,4,23.910498
2026-06-08,15:00,167.80996704101562,4,14.23965
2026-06-08,16:00,147.17999267578125,4,6.1582117
2026-06-08,17:00,63.9000244140625,4,22.231058
2026-06-08,18:00,-56.6500244140625,4,41.251858
2026-06-08,19:00,-130.219970703125,4,12.218385
2026-06-08,20:00,-21.92999267578125,4,38.27559
2026-06-08,21:00,83.6300048828125,4,44.194485
2026-06-08,22:00,74.14999389648438,4,43.088516
2026-06-08,23:00,54.269989013671875,4,26.910822
2026-06-09,00:00,98.16000366210938,4,-14.386281
2026-06-09,01:00,44.1099853515625,4,-3.0679028
2026-06-09,02:00,35.160003662109375,4,2.041512
2026-06-09,03:00,29.989990234375,4,6.4430027
2026-06-09,04:00,25.47998046875,4,-3.2746994
2026-06-09,05:00,30.32000732421875,4,-11.42675
2026-06-09,06:00,23.850006103515625,4,-16.021683
2026-06-09,07:00,44.07000732421875,4,-14.597609
2026-06-09,08:00,71.49002075195312,4,-35.757
2026-06-09,09:00,182.8699951171875,4,-21.416906
2026-06-09,10:00,199.12001037597656,4,-46.194664
2026-06-09,11:00,322.58001708984375,4,-32.4679
2026-06-09,12:00,355.8800048828125,4,13.878744
2026-06-09,13:00,390.52001953125,4,-12.510218
2026-06-09,14:00,346.4999694824219,4,21.725687
2026-06-09,15:00,405.03997802734375,4,15.044307
2026-06-09,16:00,323.7099609375,4,6.2281966
2026-06-09,17:00,246.97000122070312,4,18.756432
2026-06-09,18:00,189.8599853515625,4,40.118595
2026-06-09,19:00,233.010009765625,4,38.44016
2026-06-09,20:00,246.60003662109375,4,28.12319
2026-06-09,21:00,223.3699951171875,4,35.327843
2026-06-09,22:00,351.9000244140625,4,38.167343
2026-06-09,23:00,323.4000244140625,4,9.797281
2026-06-10,00:00,-99.50997924804688,0,-71.79375
2026-06-10,01:00,-0.870025634765625,4,-74.69021
2026-06-10,02:00,8.33001708984375,4,-39.817856
2026-06-10,03:00,5.1500244140625,4,-9.796922
2026-06-10,04:00,-0.720001220703125,3,-6.895944
2026-06-10,05:00,-5.45001220703125,4,-36.512875
2026-06-10,06:00,-15.209991455078125,4,-37.249104
2026-06-10,07:00,40.470001220703125,0,-29.48864
2026-06-10,08:00,45.72998046875,0,-37.933487
2026-06-10,09:00,107.38998413085938,0,-51.18476
2026-06-10,10:00,172.77000427246094,0,-88.16334
2026-06-10,11:00,62.350006103515625,0,-71.35233
2026-06-10,12:00,68.02999877929688,0,-102.46325
2026-06-10,13:00,85.32000732421875,4,-66.37101
2026-06-10,14:00,95.5,4,-50.525253
2026-06-10,15:00,135.16000366210938,4,-63.75507
2026-06-10,16:00,35.429962158203125,4,-61.869404
2026-06-10,17:00,66.27999877929688,4,-60.789524
2026-06-10,18:00,31.720001220703125,4,-15.396698
2026-06-10,19:00,144.8599853515625,4,-21.416643
2026-06-10,20:00,60.989990234375,4,-1.7792256
2026-06-10,21:00,45.54998779296875,4,17.366602
2026-06-10,22:00,55.1199951171875,4,30.40058
2026-06-10,23:00,61.75,0,-4.069556
2026-06-11,00:00,-29.089996337890625,0,-163.86975
2026-06-11,01:00,-6.16998291015625,4,-105.99709
2026-06-11,02:00,4.32000732421875,4,-81.058426
2026-06-11,03:00,3.69000244140625,4,10.020953
2026-06-11,04:00,9.389984130859375,4,-2.8161836
2026-06-11,05:00,6.3800048828125,4,-20.653292
2026-06-11,06:00,10.290008544921875,4,-7.9483566
2026-06-11,07:00,12.77001953125,0,-17.636341
2026-06-11,08:00,42.699981689453125,0,-18.47556
2026-06-11,09:00,109.79000854492188,0,-1.7504531
2026-06-11,10:00,28.879974365234375,0,-11.711606
2026-06-11,11:00,-13.41998291015625,0,-31.96771
2026-06-11,12:00,3.220001220703125,4,-2.3477697
2026-06-11,13:00,76.13998413085938,4,-3.0091507
2026-06-11,14:00,166.61001586914062,4,16.063627
2026-06-11,15:00,98.67001342773438,4,42.18267
2026-06-11,16:00,3.95001220703125,4,52.49935
2026-06-11,17:00,76.57998657226562,4,38.701473
2026-06-11,18:00,46.02001953125,4,48.71573
2026-06-11,19:00,131.97998046875,4,41.82119
2026-06-11,20:00,42.05999755859375,4,36.485664
2026-06-11,21:00,46.050018310546875,4,46.13444
2026-06-11,22:00,14.829986572265625,4,40.162277
2026-06-11,23:00,5.290008544921875,4,21.247118
2026-06-12,00:00,-93.76998901367188,0,-28.61394
2026-06-12,01:00,-35.70001220703125,0,-16.936972
2026-06-12,02:00,-16.480010986328125,3,0.8445026
2026-06-12,03:00,-8.719970703125,3,0.6388881
2026-06-12,04:00,-7.259979248046875,3,2.5587769
2026-06-12,05:00,-7.230010986328125,3,-8.248683
2026-06-12,06:00,-13.1199951171875,3,-10.026282
2026-06-12,07:00,-4.139984130859375,3,-14.102227
2026-06-12,08:00,13.490020751953125,4,-11.166848
2026-06-12,09:00,-59.989990234375,4,32.17912
2026-06-12,10:00,-81.11001586914062,4,39.613262
2026-06-12,11:00,-258.1100158691406,4,29.88279
2026-06-12,12:00,-110.6300048828125,4,42.21233
2026-06-12,13:00,-127.85000610351562,4,28.147501
2026-06-12,14:00,-77.52001953125,4,39.7278
2026-06-12,15:00,-146.95999145507812,4,30.194996
2026-06-12,16:00,57.439971923828125,4,56.179176
2026-06-12,17:00,101.1500244140625,4,71.59024
2026-06-12,18:00,38.730010986328125,4,44.839024
2026-06-12,19:00,-47.59002685546875,4,68.120056
2026-06-12,20:00,-131.6700439453125,4,72.15797
2026-06-12,21:00,-73.3699951171875,4,57.246754
2026-06-12,22:00,-18.42999267578125,4,45.50042
2026-06-12,23:00,-29.79998779296875,4,19.904295
2026-06-13,00:00,-88.42999267578125,4,-11.647274
2026-06-13,01:00,-226.29998779296875,4,-11.111012
2026-06-13,02:00,-52.660003662109375,4,-39.956173
2026-06-13,03:00,-36.78997802734375,4,7.7691355
2026-06-13,04:00,-17.57000732421875,4,14.986818
2026-06-13,05:00,1.639984130859375,4,-5.2997403
2026-06-13,06:00,0.699981689453125,4,1.3453428
2026-06-13,07:00,5.75,3,0.8142185
2026-06-13,08:00,-34.529998779296875,4,-6.113589
2026-06-13,09:00,-20.139984130859375,4,7.713559
2026-06-13,10:00,7.139984130859375,4,-10.284503
2026-06-13,11:00,-148.489990234375,0,-12.422246
2026-06-13,12:00,-100.1400146484375,4,0.7894205
2026-06-13,13:00,-187.94000244140625,4,-9.350025
2026-06-13,14:00,-272.489990234375,4,6.4276905
2026-06-13,15:00,-101.8499755859375,4,17.538454
2026-06-13,16:00,19.25,4,12.4006195
2026-06-13,17:00,74.55001831054688,4,5.647304
2026-06-13,18:00,23.95001220703125,4,-8.425125
2026-06-13,19:00,55.77001953125,4,-11.54469
2026-06-13,20:00,58.3599853515625,4,5.1433883
2026-06-13,21:00,31.55999755859375,4,-10.448027
2026-06-13,22:00,66.17001342773438,4,6.5251036
2026-06-13,23:00,12.240020751953125,4,-5.5213265
2026-06-14,00:00,67.48001098632812,3,12.855199
2026-06-14,01:00,34.399993896484375,4,-2.5789921
2026-06-14,02:00,20.21002197265625,4,10.69442
2026-06-14,03:00,0.600006103515625,4,13.463114
2026-06-14,04:00,4.839996337890625,4,8.511971
2026-06-14,05:00,13.519989013671875,4,4.05749
2026-06-14,06:00,24.079986572265625,4,1.3151492
2026-06-14,07:00,3.519989013671875,4,6.256393
2026-06-14,08:00,34.6300048828125,0,-13.672926
2026-06-14,09:00,44.639984130859375,0,-10.041543
2026-06-14,10:00,36.600006103515625,0,2.5042176
2026-06-14,11:00,31.410003662109375,0,-1.9001722
2026-06-14,12:00,27.639984130859375,0,17.16821
2026-06-14,13:00,10.19000244140625,4,-3.5449142
2026-06-14,14:00,22.160003662109375,4,28.270931
2026-06-14,15:00,39.03997802734375,4,16.552849
2026-06-14,16:00,40.25,4,53.790016
2026-06-14,17:00,5.04998779296875,4,38.17775
2026-06-14,18:00,45.519989013671875,4,20.4695
2026-06-14,19:00,71.39999389648438,4,-8.523489
2026-06-14,20:00,5.240020751953125,4,-2.6740744
2026-06-14,21:00,-157.67001342773438,4,10.04479
2026-06-14,22:00,-73.17996215820312,4,-10.971853
2026-06-14,23:00,-3.410003662109375,4,5.7708993
2026-06-15,00:00,-124.08001708984375,0,-26.269545
2026-06-15,01:00,-5.110015869140625,4,-4.0093412
2026-06-15,02:00,5.230010986328125,4,4.964543
2026-06-15,03:00,-16.55999755859375,4,6.121298
2026-06-15,04:00,-30.430023193359375,4,10.325702
2026-06-15,05:00,-32.819976806640625,3,17.813667
2026-06-15,06:00,-31.639984130859375,3,7.1588345
2026-06-15,07:00,-12.67999267578125,2,-1.4316747
2026-06-15,08:00,-113.53997802734375,0,17.50872
2026-06-15,09:00,-193.83001708984375,0,8.448385
2026-06-15,10:00,-307.27996826171875,0,30.906137
2026-06-15,11:00,-257.47998046875,4,7.910565
2026-06-15,12:00,-332.04998779296875,4,38.642162
2026-06-15,13:00,-280.760009765625,4,8.819933
2026-06-15,14:00,27.91998291015625,4,25.743378
2026-06-15,15:00,68.80999755859375,4,39.776257
2026-06-15,16:00,108.83999633789062,4,55.443962
2026-06-15,17:00,56.619964599609375,4,54.6989
2026-06-15,18:00,62.07000732421875,4,11.092274
2026-06-15,19:00,356.8999938964844,0,-16.047894
2026-06-15,20:00,194.1400146484375,4,16.184286
2026-06-15,21:00,92.50997924804688,4,57.74215
2026-06-15,22:00,45.42999267578125,4,59.582653
2026-06-15,23:00,20.25,4,39.537857
2026-06-16,00:00,61.279998779296875,0,-32.804592
2026-06-16,01:00,45.07000732421875,4,-10.633779
2026-06-16,02:00,20.77001953125,0,1.6614751
2026-06-16,03:00,18.360015869140625,4,16.75252
2026-06-16,04:00,25.05999755859375,4,29.612528
2026-06-16,05:00,17.730010986328125,4,12.366241
2026-06-16,06:00,15.910003662109375,4,-1.6539369
2026-06-16,07:00,3.6199951171875,3,4.4484463
2026-06-16,08:00,72.6400146484375,0,21.194462
2026-06-16,09:00,140.94000244140625,4,36.74267
2026-06-16,10:00,137.19000244140625,4,60.575806
2026-06-16,11:00,128.76998901367188,4,53.000416
2026-06-16,12:00,209.239990234375,4,52.015797
2026-06-16,13:00,267.1300048828125,4,45.14508
2026-06-16,14:00,262.30999755859375,4,46.854416
2026-06-16,15:00,138.77999877929688,4,54.76341
2026-06-16,16:00,195.76998901367188,4,106.666306
2026-06-16,17:00,158.91998291015625,4,73.88338
2026-06-16,18:00,114.6300048828125,4,53.00489
2026-06-16,19:00,184.29998779296875,4,28.226122
2026-06-16,20:00,118.02999877929688,4,30.101658
2026-06-16,21:00,75.66000366210938,4,31.068295
2026-06-16,22:00,51.410003662109375,4,19.302654
2026-06-16,23:00,55.339996337890625,4,39.289318
2026-06-17,00:00,10.80999755859375,0,-18.659918
2026-06-17,01:00,22.55999755859375,0,-0.34067917
2026-06-17,02:00,10.75,4,14.651932
2026-06-17,03:00,12.589996337890625,4,21.433998
2026-06-17,04:00,13.769989013671875,4,26.069975
2026-06-17,05:00,5.850006103515625,4,19.948286
2026-06-17,06:00,2.170013427734375,4,23.244547
2026-06-17,07:00,6.27001953125,4,19.86618
2026-06-17,08:00,39.1199951171875,4,21.251064
2026-06-17,09:00,34.5,4,35.99045
2026-06-17,10:00,4.329986572265625,4,41.42561
2026-06-17,11:00,19.079986572265625,4,43.847965
2026-06-17,12:00,107.50997924804688,4,28.94725
2026-06-17,13:00,121.02999877929688,4,7.7597013
2026-06-17,14:00,78.77001953125,4,7.8536253
2026-06-17,15:00,24.91998291015625,4,6.8594093
2026-06-17,16:00,60.91998291015625,4,26.135056
2026-06-17,17:00,104.1099853515625,4,59.390755
2026-06-17,18:00,75.22000122070312,4,39.937847
2026-06-17,19:00,38.360015869140625,4,25.004112
2026-06-17,20:00,-0.33001708984375,4,27.869934
2026-06-17,21:00,-3.589996337890625,4,42.55438
2026-06-17,22:00,14.660003662109375,4,34.309914
2026-06-17,23:00,30.58001708984375,4,9.546368
2026-06-18,00:00,-15.660003662109375,0,2.530204
2026-06-18,01:00,-7.790008544921875,4,7.441914
2026-06-18,02:00,-9.709991455078125,2,15.960959
2026-06-18,03:00,-18.459991455078125,4,4.5889816
2026-06-18,04:00,53.209991455078125,4,6.5256133
2026-06-18,05:00,109.52999877929688,4,12.618766
2026-06-18,06:00,104.93998718261719,4,24.42644
2026-06-18,07:00,116.15998840332031,4,46.03804
2026-06-18,08:00,-26.389984130859375,4,20.479214
2026-06-18,09:00,16.360015869140625,4,-2.048878
2026-06-18,10:00,77.54000854492188,0,19.605677
2026-06-18,11:00,127.45999145507812,4,24.084572
2026-06-18,12:00,155.27001953125,4,32.358307
2026-06-18,13:00,101.239990234375,4,-12.719423
2026-06-18,14:00,97.92001342773438,4,12.928326
2026-06-18,15:00,181.20999145507812,4,30.012594
2026-06-18,16:00,171.95001220703125,4,29.980223
2026-06-18,17:00,165.760009765625,4,34.558567
2026-06-18,18:00,75.239990234375,4,26.446318
2026-06-18,19:00,49.04998779296875,4,45.843372
2026-06-18,20:00,42.19000244140625,4,34.736134
2026-06-18,21:00,61.19000244140625,4,15.608796
2026-06-18,22:00,53.990020751953125,4,38.26197
2026-06-18,23:00,39.83001708984375,4,35.101917
2026-06-19,00:00,36.509979248046875,4,-2.197053
2026-06-19,01:00,242.3300018310547,4,9.976962
2026-06-19,02:00,147.73001098632812,4,32.480495
2026-06-19,03:00,89.13999938964844,4,48.472603
2026-06-19,04:00,125.66000366210938,4,46.067753
2026-06-19,05:00,106.30999755859375,4,47.26707
2026-06-19,06:00,109.11000061035156,4,50.458336
2026-06-19,07:00,-14.790000915527344,4,42.978165
2026-06-19,08:00,-1.1199989318847656,4,88.84876
2026-06-19,09:00,-57.19000244140625,4,55.100918
2026-06-19,10:00,-90.57999420166016,4,17.096985
2026-06-19,11:00,-17.850000381469727,4,4.981673
2026-06-19,12:00,36.970001220703125,4,-5.661099
2026-06-19,13:00,18.880001068115234,0,-26.280716
2026-06-19,14:00,19.030000686645508,4,-10.685462
2026-06-19,15:00,37.61000061035156,4,-10.480014
2026-06-19,16:00,68.05000305175781,4,15.728347
2026-06-19,17:00,108.66000366210938,4,-6.839809
2026-06-19,18:00,5.0099945068359375,4,-25.912554
2026-06-19,19:00,-130.80999755859375,4,-68.1451
2026-06-19,20:00,-230.34999084472656,4,-22.192541
2026-06-19,21:00,-278.1400146484375,4,-18.533058
2026-06-19,22:00,-199.77000427246094,4,11.900574
2026-06-19,23:00,-141.86000061035156,4,-15.22562
2026-06-20,00:00,-184.95001220703125,0,-53.471214
2026-06-20,01:00,80.52000427246094,4,-3.4833567
2026-06-20,02:00,120.58999633789062,4,22.340351
2026-06-20,03:00,97.57998657226562,4,19.497078
2026-06-20,04:00,13.670013427734375,4,6.104624
2026-06-20,05:00,76.36000061035156,4,-5.4625077
2026-06-20,06:00,-38.290008544921875,4,-9.819009
2026-06-20,07:00,27.139999389648438,4,-1.783728
2026-06-20,08:00,44.769989013671875,4,-4.0599732
2026-06-20,09:00,16.5,0,-11.075818
2026-06-20,10:00,-83.99000549316406,0,-35.119827
2026-06-20,11:00,-85.67999267578125,0,-62.781147
2026-06-20,12:00,-111.28001403808594,0,-39.794697
2026-06-20,13:00,-37.58001708984375,0,-95.19334
2026-06-20,14:00,-3.139984130859375,0,-86.53137
2026-06-20,15:00,60.02001953125,4,-40.16248
2026-06-20,16:00,45.05999755859375,4,-31.014425
2026-06-20,17:00,-20.22998046875,4,1.4919469
2026-06-20,18:00,-93.67001342773438,0,6.123653
2026-06-20,19:00,-328.25,0,-46.256912
2026-06-20,20:00,-334.79998779296875,0,-62.99935
2026-06-20,21:00,-348.85003662109375,0,-43.440037
2026-06-20,22:00,-658.780029296875,0,-21.60258
2026-06-20,23:00,-135.44000244140625,0,-7.1162004
2026-06-21,00:00,-616.9500122070312,0,-104.96441
2026-06-21,01:00,-580.1600341796875,0,-51.084923
2026-06-21,02:00,-105.19000244140625,4,-9.989028
2026-06-21,03:00,-10.19000244140625,3,-6.4475336
2026-06-21,04:00,-20.6099853515625,3,-6.1667533
2026-06-21,05:00,-26.930023193359375,3,-10.952631
2026-06-21,06:00,-27.459991455078125,3,-32.890945
2026-06-21,07:00,-9.97998046875,3,-12.258443
2026-06-21,08:00,-51.82000732421875,4,-21.887486
2026-06-21,09:00,-147.66000366210938,4,0.31505728
2026-06-21,10:00,-320.8500061035156,4,-0.3705509
2026-06-21,11:00,-378.97998046875,4,-11.936767
2026-06-21,12:00,-175.83999633789062,4,7.1274934
2026-06-21,13:00,-55.029998779296875,4,-13.971826
2026-06-21,14:00,-17.579986572265625,4,-6.737982
2026-06-21,15:00,-8.010009765625,4,-6.541202
2026-06-21,16:00,-74.27999877929688,4,-35.419
2026-06-21,17:00,-91.739990234375,4,-14.814322
2026-06-21,18:00,-49.1099853515625,0,-84.5551
2026-06-21,19:00,-137.2900390625,0,-129.48407
2026-06-21,20:00,-203.3599853515625,0,-118.73981
2026-06-21,21:00,-370.73004150390625,0,-126.18166
2026-06-21,22:00,-241.6500244140625,0,-154.14653
2026-06-21,23:00,-35.69000244140625,0,-87.30399
2026-06-22,00:00,52.62005615234375,0,-21.548761
2026-06-22,01:00,-95.28997802734375,0,-27.495258
2026-06-22,02:00,-53.84002685546875,4,-31.897396
2026-06-22,03:00,-30.839996337890625,4,-15.57923
2026-06-22,04:00,-2.240020751953125,3,-14.878798
2026-06-22,05:00,1.600006103515625,3,-11.599103
2026-06-22,06:00,7.540008544921875,3,-22.006533
2026-06-22,07:00,32.899993896484375,3,-24.23858
2026-06-22,08:00,62.6199951171875,4,-42.419586
2026-06-22,09:00,137.72998046875,0,-18.19797
2026-06-22,10:00,193.239990234375,0,-36.891384
2026-06-22,11:00,453.42999267578125,0,-14.937773
2026-06-22,12:00,313.77996826171875,0,-30.11226
2026-06-22,13:00,393.67999267578125,0,-31.553537
2026-06-22,14:00,293.6800231933594,4,1.8625209
2026-06-22,15:00,28.269989013671875,4,-12.743319
2026-06-22,16:00,36.58001708984375,4,-26.292336
2026-06-22,17:00,136.92999267578125,0,-65.48535
2026-06-22,18:00,-25.489990234375,0,-100.90296
2026-06-22,19:00,-91.52001953125,0,-114.52855
2026-06-22,20:00,-92.8900146484375,0,-99.559235
2026-06-22,21:00,-7.04998779296875,0,-119.3999
2026-06-22,22:00,69.34002685546875,0,-155.6562
2026-06-22,23:00,-10.20001220703125,0,-63.03849
2026-06-23,00:00,-122.3699951171875,0,-87.97129
2026-06-23,01:00,-42.850006103515625,0,-76.99246
2026-06-23,02:00,-102.0,0,-22.507435
2026-06-23,03:00,-13.769989013671875,0,-10.746747
2026-06-23,04:00,-8.060028076171875,4,3.3706303
2026-06-23,05:00,-5.97998046875,3,-16.043072
2026-06-23,06:00,0.25,2,-25.10427
2026-06-23,07:00,22.290008544921875,3,1.7776695
2026-06-23,08:00,28.55999755859375,4,-16.509674
2026-06-23,09:00,10.54998779296875,4,-13.605699
2026-06-23,10:00,28.529998779296875,0,-8.518497
2026-06-23,11:00,-39.139984130859375,0,-38.45834
2026-06-23,12:00,-70.22000122070312,0,-31.210464
2026-06-23,13:00,22.24005126953125,0,-9.375124
2026-06-23,14:00,115.81002807617188,4,21.434053
2026-06-23,15:00,199.36001586914062,4,14.879362
2026-06-23,16:00,166.16998291015625,0,26.30967
2026-06-23,17:00,171.5699462890625,0,19.67756
2026-06-23,18:00,42.8399658203125,0,-41.332474
2026-06-23,19:00,-23.8800048828125,0,-6.0499854
2026-06-23,20:00,15.75,0,21.054289
2026-06-23,21:00,59.28997802734375,0,-25.451385
2026-06-23,22:00,-150.5,0,-30.430603
2026-06-23,23:00,-33.420013427734375,0,4.42878
2026-06-24,00:00,-206.36004638671875,0,-61.718052
2026-06-24,01:00,-787.6700439453125,0,-112.8642
2026-06-24,02:00,-257.54998779296875,0,-74.236855
2026-06-24,03:00,-9.91998291015625,0,-52.161274
2026-06-24,04:00,-11.740020751953125,4,-39.580753
2026-06-24,05:00,-4.94000244140625,3,-39.401264
2026-06-24,06:00,-0.44000244140625,2,-50.14833
2026-06-24,07:00,16.1099853515625,4,-37.159817
2026-06-24,08:00,-389.9700012207031,4,-60.0504
2026-06-24,09:00,-208.09002685546875,0,-68.07088
2026-06-24,10:00,-134.65997314453125,0,-81.02287
2026-06-24,11:00,-150.98001098632812,0,-89.178085
2026-06-24,12:00,-133.47998046875,0,-47.636375
2026-06-24,13:00,-53.3199462890625,0,-40.054325
2026-06-24,14:00,-5.1099853515625,0,-1.2052063
2026-06-24,15:00,-6.260009765625,0,3.339922
2026-06-24,16:00,-56.17999267578125,0,17.401184
2026-06-24,17:00,-96.92999267578125,0,7.552149
2026-06-24,18:00,-104.30999755859375,0,-64.92418
2026-06-24,19:00,-282.04998779296875,0,-3.6542087
2026-06-24,20:00,-256.5899658203125,0,1.9949266
2026-06-24,21:00,-212.6700439453125,0,-20.523117
2026-06-24,22:00,-336.699951171875,0,-21.170992
2026-06-24,23:00,-209.79998779296875,0,-30.028065
2026-06-25,00:00,19.19000244140625,0,-97.7671
2026-06-25,01:00,-300.82000732421875,0,-132.52504
2026-06-25,02:00,-612.4000244140625,0,-94.50473
2026-06-25,03:00,-93.8599853515625,0,-63.24502
2026-06-25,04:00,3.09002685546875,0,-14.113237
2026-06-25,05:00,-0.92999267578125,2,13.736174
2026-06-25,06:00,-11.779998779296875,2,-10.977182
2026-06-25,07:00,-0.5,2,-39.840668
2026-06-25,08:00,-202.61996459960938,4,-42.647884
2026-06-25,09:00,-254.11001586914062,0,-94.346504
2026-06-25,10:00,-193.91000366210938,0,-99.500534
2026-06-25,11:00,-147.04998779296875,0,-98.16213
2026-06-25,12:00,-67.8599853515625,0,-59.206112
2026-06-25,13:00,-105.6300048828125,0,-31.01128
2026-06-25,14:00,78.78997802734375,0,2.0759072
2026-06-25,15:00,49.239990234375,4,1.2712018
2026-06-25,16:00,42.20001220703125,4,33.325497
2026-06-25,17:00,-101.75,4,32.587624
2026-06-25,18:00,2.019989013671875,4,16.696384
2026-06-25,19:00,30.37994384765625,4,41.706276
2026-06-25,20:00,51.02996826171875,4,35.01152
2026-06-25,21:00,145.93997192382812,4,27.232658
2026-06-25,22:00,263.67999267578125,0,12.019046
2026-06-25,23:00,120.05999755859375,0,5.824229
2026-06-26,00:00,250.29000854492188,0,-80.42767
2026-06-26,01:00,172.22998046875,0,-89.46772
2026-06-26,02:00,105.760009765625,0,-20.775541
2026-06-26,03:00,87.69000244140625,0,7.882605
2026-06-26,04:00,56.19000244140625,4,-5.839106
2026-06-26,05:00,47.029998779296875,4,21.217049
2026-06-26,06:00,44.509979248046875,4,0.42369473
2026-06-26,07:00,41.69000244140625,4,4.8054376
2026-06-26,08:00,34.32000732421875,4,-10.513108
2026-06-26,09:00,122.19998168945312,4,-11.694983
2026-06-26,10:00,181.01995849609375,4,-13.691949
2026-06-26,11:00,189.25,4,-63.963615
2026-06-26,12:00,76.09002685546875,4,-21.95421
2026-06-26,13:00,197.510009765625,4,20.349936
2026-06-26,14:00,196.52999877929688,4,36.373516
2026-06-26,15:00,161.1199951171875,4,49.194103
2026-06-26,16:00,192.1700439453125,4,43.0742
2026-06-26,17:00,192.34002685546875,4,58.193523
2026-06-26,18:00,117.21002197265625,4,42.594624
2026-06-26,19:00,229.66998291015625,4,76.31177
2026-06-26,20:00,181.00003051757812,4,44.799145
2026-06-26,21:00,160.82000732421875,4,45.051815
2026-06-26,22:00,164.26998901367188,4,53.11872
2026-06-26,23:00,101.25,4,57.349297
2026-06-27,00:00,296.5400085449219,0,29.982286
2026-06-27,01:00,272.7099914550781,0,19.08831
2026-06-27,02:00,92.82000732421875,0,2.8833888
2026-06-27,03:00,47.720001220703125,4,14.658082
2026-06-27,04:00,39.350006103515625,4,14.496638
2026-06-27,05:00,31.410003662109375,2,17.563442
2026-06-27,06:00,26.34002685546875,4,29.234388
2026-06-27,07:00,23.779998779296875,3,19.82809
2026-06-27,08:00,64.97000122070312,4,4.0288553
2026-06-27,09:00,164.44000244140625,4,31.032448
2026-06-27,10:00,185.17999267578125,4,-22.991503
2026-06-27,11:00,206.80996704101562,4,-41.394833
2026-06-27,12:00,162.42001342773438,4,1.8799144
2026-06-27,13:00,237.32000732421875,4,-14.683792
2026-06-27,14:00,248.37997436523438,4,42.47476
2026-06-27,15:00,197.98001098632812,4,80.00578
2026-06-27,16:00,241.03997802734375,4,102.32881
2026-06-27,17:00,174.57000732421875,4,98.97622
2026-06-27,18:00,143.19998168945312,4,68.04692
2026-06-27,19:00,291.19000244140625,4,41.41169
2026-06-27,20:00,213.66000366210938,4,24.581858
2026-06-27,21:00,192.510009765625,4,9.149297
2026-06-27,22:00,171.20999145507812,4,-11.835325
2026-06-27,23:00,129.41000366210938,4,34.807556
2026-06-28,00:00,19.69000244140625,4,106.45158
2026-06-28,01:00,7.9000244140625,4,-1.5756449
2026-06-28,02:00,4.889984130859375,4,23.062265
2026-06-28,03:00,14.759979248046875,4,22.21127
2026-06-28,04:00,9.699981689453125,4,3.858282
2026-06-28,05:00,5.959991455078125,4,2.9916222
2026-06-28,06:00,8.139984130859375,4,23.77557
2026-06-28,07:00,-1.91998291015625,4,32.76109
2026-06-28,08:00,-12.759979248046875,4,63.671402
2026-06-28,09:00,-0.17999267578125,4,71.30209
2026-06-28,10:00,2.32000732421875,4,84.1209
2026-06-28,11:00,35.970001220703125,4,54.06725
2026-06-28,12:00,109.42001342773438,4,71.293976
2026-06-28,13:00,103.260009765625,4,92.01723
2026-06-28,14:00,63.540008544921875,4,90.900475
2026-06-28,15:00,57.490020751953125,4,94.86607
2026-06-28,16:00,56.439971923828125,4,105.38303
2026-06-28,17:00,66.01998901367188,4,103.42908
2026-06-28,18:00,50.139984130859375,4,96.724396
2026-06-28,19:00,64.64999389648438,4,69.898735
2026-06-28,20:00,48.8699951171875,4,55.501534
2026-06-28,21:00,46.739990234375,4,73.45883
2026-06-28,22:00,50.399993896484375,4,80.78642
2026-06-28,23:00,48.269989013671875,4,47.52003
2026-06-29,00:00,38.660003662109375,4,65.64033
2026-06-29,01:00,25.269989013671875,4,51.560734
2026-06-29,02:00,26.759979248046875,4,28.587326
2026-06-29,03:00,28.730010986328125,4,38.48745
2026-06-29,04:00,45.829986572265625,4,30.468044
2026-06-29,05:00,19.470001220703125,4,39.197456
2026-06-29,06:00,6.8599853515625,4,35.633312
2026-06-29,07:00,12.790008544921875,4,47.727722
2026-06-29,08:00,25.170013427734375,4,33.97152
2026-06-29,09:00,59.0,4,55.21897
2026-06-29,10:00,77.25,4,58.360405
2026-06-29,11:00,49.8699951171875,4,73.05861
2026-06-29,12:00,133.02999877929688,4,58.798965
2026-06-29,13:00,109.14999389648438,4,106.353836
2026-06-29,14:00,66.52001953125,4,127.28137
2026-06-29,15:00,38.17999267578125,4,96.90948
2026-06-29,16:00,51.05999755859375,4,124.811104
2026-06-29,17:00,-31.129974365234375,4,108.37102
2026-06-29,18:00,24.80999755859375,4,77.6838
2026-06-29,19:00,-94.44998168945312,4,59.28061
2026-06-29,20:00,-87.10003662109375,4,44.158173
2026-06-29,21:00,-15.839996337890625,4,54.25026
2026-06-29,22:00,21.089996337890625,4,55.240967
2026-06-29,23:00,35.040008544921875,4,32.754566
2026-06-30,00:00,18.649993896484375,4,43.506187
2026-06-30,01:00,38.910003662109375,4,19.543528
2026-06-30,02:00,26.350006103515625,4,16.13517
2026-06-30,03:00,25.67999267578125,4,17.176472
2026-06-30,04:00,41.480010986328125,4,11.437356
2026-06-30,05:00,28.57000732421875,3,26.988848
2026-06-30,06:00,3.800018310546875,4,31.234268
2026-06-30,07:00,23.3699951171875,4,27.00511
2026-06-30,08:00,-27.6099853515625,4,10.157954
2026-06-30,09:00,-48.5,4,31.112263
2026-06-30,10:00,41.66998291015625,4,13.760196
2026-06-30,11:00,0.829986572265625,0,-26.36266
2026-06-30,12:00,71.77999877929688,0,0.060084336
2026-06-30,13:00,106.5,4,54.21025
2026-06-30,14:00,58.519989013671875,4,111.56077
2026-06-30,15:00,94.53001403808594,4,77.940636
2026-06-30,16:00,34.6099853515625,4,64.15329
2026-06-30,17:00,11.230010986328125,4,61.518803
2026-06-30,18:00,44.66998291015625,4,48.763744
2026-06-30,19:00,48.34002685546875,0,39.704975
2026-06-30,20:00,47.829986572265625,0,20.896965
2026-06-30,21:00,69.04000854492188,4,19.538877
2026-06-30,22:00,84.25,0,38.268925
2026-06-30,23:00,41.889984130859375,0,11.256163
2026-07-01,00:00,19.30999755859375,0,-2.7815635
2026-07-01,01:00,20.009979248046875,0,-79.69924
2026-07-01,02:00,21.550018310546875,0,-24.517502
2026-07-01,03:00,14.079986572265625,1,-18.23463
2026-07-01,04:00,12.510009765625,1,-16.834888
2026-07-01,05:00,6.239990234375,1,-13.683895
2026-07-01,06:00,-3.260009765625,1,12.454144
2026-07-01,07:00,25.189971923828125,2,20.334902
2026-07-01,08:00,36.490020751953125,0,-29.181067
2026-07-01,09:00,-11.199981689453125,0,-37.021935
2026-07-01,10:00,-48.089996337890625,0,-54.517128
2026-07-01,11:00,-3.279998779296875,0,-61.47848
2026-07-01,12:00,13.79998779296875,0,-34.645725
2026-07-01,13:00,11.110015869140625,4,-9.21123
2026-07-01,14:00,-162.41000366210938,4,36.303154
2026-07-01,15:00,-444.6899719238281,4,13.105214
2026-07-01,16:00,-117.27999877929688,4,14.886492
2026-07-01,17:00,-24.0,4,50.550793
2026-07-01,18:00,-134.05996704101562,4,30.553932
2026-07-01,19:00,-72.02996826171875,0,78.30809
2026-07-01,20:00,-151.75,0,60.59831
2026-07-01,21:00,-32.83001708984375,0,7.1584673
2026-07-01,22:00,32.8900146484375,4,35.63956
2026-07-01,23:00,19.160003662109375,0,36.198666
2026-07-02,00:00,-57.219970703125,0,-13.57426
2026-07-02,01:00,-30.77001953125,0,-66.57162
2026-07-02,02:00,4.399993896484375,0,-91.48359
2026-07-02,03:00,11.110015869140625,1,-24.890171
2026-07-02,04:00,7.28997802734375,1,-17.928825
2026-07-02,05:00,8.339996337890625,3,-15.3776045
2026-07-02,06:00,6.779998779296875,2,12.122636
2026-07-02,07:00,114.05000305175781,4,2.2139192
2026-07-02,08:00,-313.1700134277344,0,-37.04853
2026-07-02,09:00,-300.58001708984375,0,-9.155309
2026-07-02,10:00,-290.25,0,-37.270393
2026-07-02,11:00,-374.66998291015625,0,-34.276466
2026-07-02,12:00,-418.4100036621094,0,20.48306
2026-07-02,13:00,-205.6400146484375,0,43.060425
2026-07-02,14:00,-217.08001708984375,4,53.00185
2026-07-02,15:00,-171.36001586914062,4,40.135296
2026-07-02,16:00,-139.14999389648438,4,53.335423
2026-07-02,17:00,-147.92999267578125,4,41.677628
2026-07-02,18:00,-216.44998168945312,0,-1.9914701
2026-07-02,19:00,-156.8699951171875,0,-7.7599998
2026-07-02,20:00,-126.699951171875,0,-27.071918
2026-07-02,21:00,-418.8699951171875,0,-2.192498
2026-07-02,22:00,-447.1000061035156,4,11.656485
2026-07-02,23:00,-51.649993896484375,0,-0.14243048
2026-07-03,00:00,-223.8599853515625,0,32.658775
2026-07-03,01:00,-298.1400146484375,0,10.971719
2026-07-03,02:00,24.100006103515625,0,-22.669258
2026-07-03,03:00,30.720001220703125,4,30.078342
2026-07-03,04:00,23.899993896484375,4,19.25646
2026-07-03,05:00,10.44000244140625,4,13.0508375
2026-07-03,06:00,17.27001953125,4,16.321062
2026-07-03,07:00,36.540008544921875,4,1.4594716
2026-07-03,08:00,-147.510009765625,0,-51.731644
2026-07-03,09:00,-185.97000122070312,0,-55.2433
2026-07-03,10:00,-146.27999877929688,0,-62.28909
2026-07-03,11:00,-34.83001708984375,0,-37.30493
2026-07-03,12:00,-137.75997924804688,0,-6.673566
2026-07-03,13:00,-134.07000732421875,0,41.16794
2026-07-03,14:00,-98.530029296875,4,43.934746
2026-07-03,15:00,-93.19000244140625,4,23.81772
2026-07-03,16:00,-62.209991455078125,4,49.31897
2026-07-03,17:00,-11.989990234375,4,52.294903
2026-07-03,18:00,93.989990234375,4,44.698986
2026-07-03,19:00,-22.0899658203125,4,-19.082106
2026-07-03,20:00,-268.6899719238281,4,-38.741688
2026-07-03,21:00,-265.9700012207031,4,-48.988045
2026-07-03,22:00,-66.41000366210938,4,-17.14849
2026-07-03,23:00,13.970001220703125,4,-8.401425
2026-07-04,00:00,-208.1099853515625,4,-2.8350012
2026-07-04,01:00,-101.67999267578125,4,-15.264351
2026-07-04,02:00,-7.040008544921875,4,-56.370274
2026-07-04,03:00,2.459991455078125,4,-0.3525531
2026-07-04,04:00,4.040008544921875,4,8.0413
2026-07-04,05:00,16.279998779296875,4,4.1391864
2026-07-04,06:00,8.740020751953125,4,2.894857
2026-07-04,07:00,28.3800048828125,4,-36.604774
2026-07-04,08:00,36.989990234375,0,-57.567867
2026-07-04,09:00,16.29998779296875,0,-68.81677
2026-07-04,10:00,-18.58001708984375,0,-77.626816
2026-07-04,11:00,-26.230010986328125,0,-90.05909
2026-07-04,12:00,-5.889984130859375,0,-56.966484
2026-07-04,13:00,-152.92999267578125,0,-40.46151
2026-07-04,14:00,-122.58001708984375,4,-9.993567
2026-07-04,15:00,-67.20999145507812,4,20.977703
2026-07-04,16:00,10.3599853515625,4,24.537956
2026-07-04,17:00,-42.990020751953125,4,14.401798
2026-07-04,18:00,-104.8800048828125,4,7.0581055
2026-07-04,19:00,-28.649993896484375,4,-32.0131
2026-07-04,20:00,0.3599853515625,4,-1.4029247
2026-07-04,21:00,40.519989013671875,4,-6.381646
2026-07-04,22:00,39.329986572265625,4,-23.994816
2026-07-04,23:00,29.779998779296875,4,-1.2768604
2026-07-05,00:00,54.529998779296875,4,-28.97682
2026-07-05,01:00,14.560028076171875,4,-7.048805
2026-07-05,02:00,16.589996337890625,4,19.166885
2026-07-05,03:00,2.910003662109375,4,20.73767
2026-07-05,04:00,-3.589996337890625,4,21.495787
2026-07-05,05:00,20.220001220703125,4,22.898039
2026-07-05,06:00,19.979995727539062,4,34.278027
2026-07-05,07:00,42.95001220703125,4,36.313717
2026-07-05,08:00,106.7699966430664,4,15.388669
2026-07-05,09:00,27.839996337890625,4,19.601488
2026-07-05,10:00,11.529998779296875,4,8.792813
2026-07-05,11:00,-8.039993286132812,0,-17.800024
2026-07-05,12:00,41.720001220703125,0,-17.627853
2026-07-05,13:00,111.13002014160156,0,-23.095585
2026-07-05,14:00,71.29000854492188,0,-13.643138
2026-07-05,15:00,59.91999816894531,0,4.4696503
2026-07-05,16:00,71.41999816894531,0,8.573436
2026-07-05,17:00,-9.589996337890625,0,-14.7495575
2026-07-05,18:00,-27.019989013671875,0,-27.541365
2026-07-05,19:00,-169.45999145507812,0,-25.653429
2026-07-05,20:00,-115.66000366210938,0,-46.11562
2026-07-05,21:00,-163.11001586914062,4,-107.8595
2026-07-05,22:00,-77.58001708984375,4,-12.455948
2026-07-05,23:00,-20.910003662109375,4,13.1249275
2026-07-06,00:00,-52.139984130859375,4,-26.906769
2026-07-06,01:00,10.779998779296875,4,-10.585666
2026-07-06,02:00,12.100006103515625,4,12.287736
2026-07-06,03:00,7.819976806640625,4,23.457111
2026-07-06,04:00,-12.55999755859375,4,12.484751
2026-07-06,05:00,-7.739990234375,4,18.523197
2026-07-06,06:00,-14.080001831054688,4,11.609894
2026-07-06,07:00,24.860000610351562,4,6.6579237
2026-07-06,08:00,-4.720001220703125,0,-29.813766
2026-07-06,09:00,-65.94998168945312,0,-6.7482934
2026-07-06,10:00,-131.07000732421875,0,-21.007141
2026-07-06,11:00,-86.61001586914062,0,-43.924953
2026-07-06,12:00,-40.19000244140625,0,-48.211353
2026-07-06,13:00,-47.170013427734375,0,-11.656547
2026-07-06,14:00,-108.260009765625,0,12.505966
2026-07-06,15:00,-18.510009765625,0,6.810859
2026-07-06,16:00,-150.8399658203125,4,12.51072
2026-07-06,17:00,-240.3499755859375,0,6.1411104
2026-07-06,18:00,-57.1400146484375,0,-33.17884
2026-07-06,19:00,-237.1400146484375,0,-39.742935
2026-07-06,20:00,-72.63995361328125,0,-61.422062
2026-07-06,21:00,-55.040008544921875,0,-65.83367
2026-07-06,22:00,-19.540008544921875,4,-19.39268
2026-07-06,23:00,3.459991455078125,4,1.2376335
2026-07-07,00:00,-0.300018310546875,0,-7.2733808
2026-07-07,01:00,-27.990020751953125,4,-22.27922
2026-07-07,02:00,-37.5,4,11.948254
2026-07-07,03:00,-22.71002197265625,4,31.831713
2026-07-07,04:00,-14.470001220703125,4,33.554333
2026-07-07,05:00,-14.230010986328125,4,30.944279
2026-07-07,06:00,-21.19000244140625,4,15.50881
2026-07-07,07:00,-32.739990234375,4,0.4955839
2026-07-07,08:00,-87.00997924804688,0,-16.611542
2026-07-07,09:00,-43.08001708984375,0,-32.769135
2026-07-07,10:00,39.8900146484375,0,-36.880154
2026-07-07,11:00,-91.239990234375,0,-32.75555
2026-07-07,12:00,15.80999755859375,0,-32.40216
2026-07-07,13:00,96.1099853515625,0,-40.85987
2026-07-07,14:00,106.260009765625,4,-9.955783
2026-07-07,15:00,-15.149993896484375,4,-1.9648271
2026-07-07,16:00,-16.67999267578125,4,4.3017
2026-07-07,17:00,18.160003662109375,4,-0.5667567
2026-07-07,18:00,-22.850006103515625,4,-13.510055
2026-07-07,19:00,145.97003173828125,0,-7.2439075
2026-07-07,20:00,109.37002563476562,4,4.550329
2026-07-07,21:00,53.149993896484375,4,-21.893867
2026-07-07,22:00,21.42999267578125,4,14.119814
2026-07-07,23:00,-1.3900146484375,0,6.401626
2026-07-08,00:00,4.42999267578125,0,-55.811462
2026-07-08,01:00,3.6300048828125,0,-56.471786
2026-07-08,02:00,29.22998046875,4,2.9122517
2026-07-08,03:00,37.91998291015625,4,9.972342
2026-07-08,04:00,12.480010986328125,4,-7.358318
2026-07-08,05:00,-4.489990234375,3,1.0595567
2026-07-08,06:00,-4.449981689453125,3,2.1658218
2026-07-08,07:00,-3.089996337890625,4,-4.095973
2026-07-08,08:00,-21.19000244140625,0,-16.407104
2026-07-08,09:00,-73.30999755859375,0,-37.175243
2026-07-08,10:00,-227.19003295898438,0,-37.711334
2026-07-08,11:00,-270.010009765625,0,-60.565998
2026-07-08,12:00,25.470001220703125,0,-43.85448
2026-07-08,13:00,52.1500244140625,0,-66.62915
2026-07-08,14:00,19.5,0,-37.94703
2026-07-08,15:00,38.989990234375,4,-22.675743
2026-07-08,16:00,86.82000732421875,0,-18.3847
2026-07-08,17:00,265.3000183105469,0,-10.466936
2026-07-08,18:00,24.040008544921875,0,-28.237986
2026-07-08,19:00,252.68002319335938,0,-54.915867
2026-07-08,20:00,79.92999267578125,0,-73.149315
2026-07-08,21:00,-31.790008544921875,0,-64.20372
2026-07-08,22:00,-1.53997802734375,0,-22.694984
2026-07-08,23:00,-10.45001220703125,0,-22.15209
2026-07-09,00:00,-81.760009765625,0,-42.474743
2026-07-09,01:00,19.050018310546875,0,-63.905266
2026-07-09,02:00,15.8699951171875,4,-0.5447246
2026-07-09,03:00,9.019989013671875,4,3.0087807
2026-07-09,04:00,14.350006103515625,3,17.571402
2026-07-09,05:00,9.370025634765625,3,-1.1504246
2026-07-09,06:00,0.720001220703125,3,-11.963691
2026-07-09,07:00,6.259979248046875,4,-3.2082226
2026-07-09,08:00,-0.75,0,-50.759514
2026-07-09,09:00,-20.97998046875,0,-38.40894
2026-07-09,10:00,-9.41998291015625,0,-45.142845
2026-07-09,11:00,26.790008544921875,0,-53.80506
2026-07-09,12:00,3.889984130859375,0,-48.134216
2026-07-09,13:00,-54.850006103515625,0,-62.386593
2026-07-09,14:00,-108.08999633789062,4,-43.850567
2026-07-09,15:00,-33.95001220703125,4,-60.026016
2026-07-09,16:00,0.160003662109375,4,-23.565432
2026-07-09,17:00,23.8800048828125,4,-21.447746
2026-07-09,18:00,-4.540008544921875,0,-47.86804
2026-07-09,19:00,83.72000122070312,0,-52.973633
2026-07-09,20:00,23.510009765625,0,-68.666214
2026-07-09,21:00,32.0,0,-61.710392
2026-07-09,22:00,29.8900146484375,4,-58.924
2026-07-09,23:00,29.110015869140625,0,-63.93737
2026-07-10,00:00,29.29998779296875,0,-43.430336
2026-07-10,01:00,23.720001220703125,0,-63.3694
2026-07-10,02:00,12.970001220703125,4,-34.321144
2026-07-10,03:00,14.79998779296875,3,-28.906458
2026-07-10,04:00,7.760009765625,3,5.6334186
2026-07-10,05:00,9.220001220703125,3,14.653726
2026-07-10,06:00,10.71002197265625,3,13.166722
2026-07-10,07:00,12.589996337890625,4,12.844026
2026-07-10,08:00,-61.420013427734375,4,-16.858906
2026-07-10,09:00,-19.649993896484375,4,-43.554943
2026-07-10,10:00,-21.670013427734375,4,-46.49265
2026-07-10,11:00,-6.489990234375,0,-68.42952
2026-07-10,12:00,35.8699951171875,4,-42.659462
2026-07-10,13:00,43.170013427734375,4,-53.614666
2026-07-10,14:00,-11.069976806640625,0,-73.24216
2026-07-10,15:00,-35.90997314453125,0,-72.19948
2026-07-10,16:00,37.34002685546875,0,-27.5817
2026-07-10,17:00,32.589996337890625,0,0.26000777
2026-07-10,18:00,2.100006103515625,0,-13.273816
2026-07-10,19:00,124.17999267578125,0,-26.34829
2026-07-10,20:00,39.97998046875,0,-97.82883
2026-07-10,21:00,87.17999267578125,0,-81.862785
2026-07-10,22:00,75.96002197265625,0,-25.460789
2026-07-10,23:00,10.75,0,-6.173933
2026-07-11,00:00,50.739990234375,0,-0.4853396
2026-07-11,01:00,3.8900146484375,0,-9.24001
2026-07-11,02:00,7.899993896484375,4,-33.20628
2026-07-11,03:00,4.600006103515625,4,-10.9452505
2026-07-11,04:00,0.269989013671875,3,18.742802
2026-07-11,05:00,13.66998291015625,3,10.312802
2026-07-11,06:00,1.44000244140625,3,19.666441
2026-07-11,07:00,-0.790008544921875,4,26.834661
2026-07-11,08:00,22.66998291015625,4,-4.502027
2026-07-11,09:00,68.14999389648438,0,-8.016424
2026-07-11,10:00,33.17999267578125,0,-20.185036
2026-07-11,11:00,6.80999755859375,0,-25.119715
2026-07-11,12:00,26.349990844726562,4,-40.925472
2026-07-11,13:00,107.49000549316406,4,-63.90045
2026-07-11,14:00,95.02999877929688,0,-28.189352
2026-07-11,15:00,63.3900146484375,4,-63.4622
2026-07-11,16:00,58.69000244140625,0,-99.88432
2026-07-11,17:00,98.87997436523438,0,-127.77181
2026-07-11,18:00,41.560028076171875,0,-70.29375
2026-07-11,19:00,168.95001220703125,0,-126.62805
2026-07-11,20:00,130.25997924804688,0,-176.90086
2026-07-11,21:00,-78.94000244140625,0,-232.0056
2026-07-11,22:00,191.49002075195312,0,-170.70784
2026-07-11,23:00,-45.29998779296875,0,-127.495384
2026-07-12,00:00,-27.9100341796875,0,-138.7242
2026-07-12,01:00,-86.55999755859375,0,-138.8342
2026-07-12,02:00,3.55999755859375,0,-146.6534
2026-07-12,03:00,5.610015869140625,4,-110.30907
2026-07-12,04:00,5.839996337890625,4,-42.909676
2026-07-12,05:00,-4.3699951171875,3,-53.69467
2026-07-12,06:00,0.82000732421875,2,-27.491804
2026-07-12,07:00,0.790008544921875,2,-32.536312
2026-07-12,08:00,48.030029296875,4,-31.597649
2026-07-12,09:00,-10.670013427734375,4,-16.031101
2026-07-12,10:00,16.6199951171875,4,0.015781172
2026-07-12,11:00,-5.82000732421875,4,-2.835448
2026-07-12,12:00,-83.0,4,-8.005904
2026-07-12,13:00,-125.44998168945312,0,-23.19463
2026-07-12,14:00,-70.44000244140625,4,-22.16877
2026-07-12,15:00,-103.3699951171875,4,-20.897324
2026-07-12,16:00,-96.31002807617188,4,-6.523324
2026-07-12,17:00,-50.889984130859375,4,-14.42785
2026-07-12,18:00,-44.959991455078125,0,-27.966345
2026-07-12,19:00,-113.0400390625,0,-64.40036
2026-07-12,20:00,-440.2300109863281,0,-75.000916
2026-07-12,21:00,-966.56005859375,0,-44.683407
2026-07-12,22:00,-956.4199829101562,0,-36.312866
2026-07-12,23:00,-547.4600219726562,0,-54.68596
2026-07-13,00:00,-514.0700073242188,0,-108.7344
2026-07-13,01:00,-415.0199890136719,0,-221.65337
2026-07-13,02:00,-92.49002075195312,0,-196.5782
2026-07-13,03:00,-31.1400146484375,4,-135.01068
2026-07-13,04:00,-15.889984130859375,3,-47.768124
2026-07-13,05:00,-8.970001220703125,3,-32.54828
2026-07-13,06:00,-27.129974365234375,3,-44.21013
2026-07-13,07:00,-8.240020751953125,4,-39.410835
2026-07-13,08:00,-55.899993896484375,0,-74.17683
2026-07-13,09:00,-56.639984130859375,0,-71.682976
2026-07-13,10:00,-106.6199951171875,0,-99.89684
2026-07-13,11:00,-334.33001708984375,0,-78.87609
2026-07-13,12:00,-173.9000244140625,0,-4.446272
2026-07-13,13:00,-178.08999633789062,4,4.760093
2026-07-13,14:00,-209.30001831054688,4,33.838306
2026-07-13,15:00,-165.61996459960938,4,-19.20838
2026-07-13,16:00,-123.36996459960938,4,-20.027914
2026-07-13,17:00,-23.20001220703125,4,-34.458153
2026-07-13,18:00,26.790008544921875,0,-103.6786
2026-07-13,19:00,163.86004638671875,0,-146.0838
2026-07-13,20:00,130.69998168945312,0,-132.41573
2026-07-13,21:00,-136.42999267578125,0,-98.87768
2026-07-13,22:00,-64.94998168945312,0,-65.53766
2026-07-13,23:00,-59.589996337890625,0,-29.856834
2026-07-14,00:00,-362.71002197265625,4,-69.74501
2026-07-14,01:00,-361.7300109863281,0,-94.17558
2026-07-14,02:00,-102.8699951171875,4,-93.36121
2026-07-14,03:00,-20.94000244140625,4,-1.553677
2026-07-14,04:00,-15.360015869140625,4,27.876545
2026-07-14,05:00,-13.050018310546875,2,9.430589
2026-07-14,06:00,-10.829986572265625,4,-3.428019
2026-07-14,07:00,-10.05999755859375,4,-0.560687
2026-07-14,08:00,25.95001220703125,0,-28.073095
2026-07-14,09:00,2.45001220703125,4,-9.891092
2026-07-14,10:00,108.07000732421875,4,-1.5024173
2026-07-14,11:00,135.19000244140625,0,-6.342951
2026-07-14,12:00,75.739990234375,4,20.183804
2026-07-14,13:00,189.01998901367188,4,64.59838
2026-07-14,14:00,203.0,4,60.928944
2026-07-14,15:00,180.72003173828125,4,24.009153
2026-07-14,16:00,105.1099853515625,4,38.925377
2026-07-14,17:00,18.52001953125,4,39.01245
2026-07-14,18:00,-1.389984130859375,4,27.645342
2026-07-14,19:00,24.67999267578125,4,107.166504
2026-07-14,20:00,-2.1199951171875,4,95.66834
2026-07-14,21:00,-119.75,4,102.0624
2026-07-14,22:00,10.930023193359375,4,52.982716
2026-07-14,23:00,-17.279998779296875,4,13.852316
2026-07-15,00:00,24.17999267578125,4,8.507649
2026-07-15,01:00,20.6199951171875,4,17.139778
2026-07-15,02:00,15.19000244140625,4,-6.459774
2026-07-15,03:00,13.579986572265625,4,11.187744
2026-07-15,04:00,41.3499755859375,4,7.4651804
2026-07-15,05:00,43.339996337890625,4,25.80218
2026-07-15,06:00,63.010009765625,4,4.474973
2026-07-15,07:00,100.6199951171875,4,20.133337
2026-07-15,08:00,40.57000732421875,4,16.038025
2026-07-15,09:00,97.70001220703125,4,16.475443
2026-07-15,10:00,90.51998901367188,4,-4.72265
2026-07-15,11:00,73.5,4,8.8728895
2026-07-15,12:00,93.42001342773438,4,-2.028416
2026-07-15,13:00,121.70999145507812,4,18.186571
2026-07-15,14:00,110.07000732421875,4,37.88066
2026-07-15,15:00,102.20999145507812,4,63.90938
2026-07-15,16:00,123.56997680664062,4,58.681866
2026-07-15,17:00,125.21002197265625,4,49.649014
2026-07-15,18:00,78.91000366210938,4,30.58132
2026-07-15,19:00,124.45999145507812,4,45.752758
2026-07-15,20:00,112.19000244140625,4,18.532564
2026-07-15,21:00,85.72000122070312,4,21.591463
2026-07-15,22:00,50.170013427734375,4,53.656826
2026-07-15,23:00,13.819976806640625,4,28.840164
2026-07-16,00:00,0.649993896484375,4,15.617459
2026-07-16,01:00,7.139984130859375,4,17.390238
2026-07-16,02:00,15.720001220703125,4,6.894411
2026-07-16,03:00,3.70001220703125,4,1.7658877
2026-07-16,04:00,16.769989013671875,3,8.044084
2026-07-16,05:00,39.230010986328125,3,-5.581687
2026-07-16,06:00,25.069976806640625,3,-5.479645
2026-07-16,07:00,36.980010986328125,4,1.0809475
2026-07-16,08:00,-21.649993896484375,4,8.096002
2026-07-16,09:00,-43.509979248046875,4,18.280737
2026-07-16,10:00,-45.230010986328125,4,26.449558
2026-07-16,11:00,-45.879974365234375,4,23.71355
2026-07-16,12:00,-37.91998291015625,4,37.967865
2026-07-16,13:00,-12.490020751953125,4,28.152475
2026-07-16,14:00,-8.52001953125,4,40.16227
2026-07-16,15:00,-5.80999755859375,4,36.756767
2026-07-16,16:00,74.23001098632812,4,47.504597
2026-07-16,17:00,60.970001220703125,4,60.515923
2026-07-16,18:00,36.15997314453125,4,21.66653
2026-07-16,19:00,70.75,4,-11.972964
2026-07-16,20:00,34.239990234375,4,-40.538155
2026-07-16,21:00,40.8699951171875,4,-26.784906
2026-07-16,22:00,7.759979248046875,4,-30.196604
2026-07-16,23:00,4.6400146484375,4,-6.5640187
2026-07-17,00:00,-0.94000244140625,0,-60.768314
2026-07-17,01:00,16.42999267578125,4,-56.67417
2026-07-17,02:00,12.1300048828125,2,-36.434326
2026-07-17,03:00,11.75,3,2.5543003
2026-07-17,04:00,33.75,3,-4.990617
2026-07-17,05:00,154.55999755859375,3,-11.215887
2026-07-17,06:00,137.010009765625,2,-1.0042316
2026-07-17,07:00,53.78001403808594,4,19.322853
2026-07-17,08:00,30.71002197265625,4,-3.9878016
2026-07-17,09:00,2.300018310546875,0,3.616759
2026-07-17,10:00,-173.94000244140625,0,-2.8125072
2026-07-17,11:00,-184.26998901367188,0,-14.0929365
2026-07-17,12:00,-139.31997680664062,4,-26.515425
2026-07-17,13:00,-37.060028076171875,4,-23.386314
2026-07-17,14:00,40.350006103515625,4,-5.4515696
2026-07-17,15:00,42.519989013671875,4,14.555784
2026-07-17,16:00,19.17999267578125,4,12.965488
2026-07-17,17:00,-19.149993896484375,4,22.82769
2026-07-17,18:00,8.760009765625,4,8.050164
2026-07-17,19:00,13.17999267578125,4,45.89128
2026-07-17,20:00,4.03997802734375,4,17.516283
2026-07-17,21:00,-26.27001953125,4,25.658535
2026-07-17,22:00,0.420013427734375,4,47.18122
2026-07-17,23:00,-5.989990234375,4,25.544926
2026-07-18,00:00,-57.529998779296875,0,-24.607147
2026-07-18,01:00,-9.32000732421875,0,-52.316257
2026-07-18,02:00,-7.079986572265625,4,-49.73059
2026-07-18,03:00,-4.589996337890625,3,-29.821657
2026-07-18,04:00,-3.30999755859375,3,-5.5838075
2026-07-18,05:00,-7.360015869140625,3,-10.305302
2026-07-18,06:00,-10.079986572265625,2,-3.5632641
2026-07-18,07:00,-42.389984130859375,4,5.6040635
2026-07-18,08:00,-34.6300048828125,0,-14.972783
2026-07-18,09:00,-117.49002075195312,0,-26.469091
2026-07-18,10:00,-79.54000854492188,0,-14.141612
2026-07-18,11:00,-43.88002014160156,0,-49.665367
2026-07-18,12:00,-56.54998779296875,0,-10.517141
2026-07-18,13:00,-50.489990234375,4,-11.48911
2026-07-18,14:00,-32.1199951171875,4,22.701447
2026-07-18,15:00,8.3800048828125,4,51.4639
2026-07-18,16:00,13.239990234375,4,49.01905
2026-07-18,17:00,24.16998291015625,4,45.34475
2026-07-18,18:00,-33.959991455078125,4,5.0246453
2026-07-18,19:00,-24.170013427734375,0,-12.617641
2026-07-18,20:00,2.100006103515625,4,-26.038826
2026-07-18,21:00,2.459991455078125,4,-18.100767
2026-07-18,22:00,7.149993896484375,4,-31.468197
2026-07-18,23:00,8.489990234375,4,0.03385941
2026-07-19,00:00,-79.3699951171875,0,-17.815165
2026-07-19,01:00,-6.1400146484375,0,-47.20251
2026-07-19,02:00,-3.0,0,-20.86096
2026-07-19,03:00,0.57000732421875,1,-8.123356
2026-07-19,04:00,-1.1500244140625,1,6.2282004
2026-07-19,05:00,5.92999267578125,1,0.16184744
2026-07-19,06:00,27.65997314453125,2,-12.631391
2026-07-19,07:00,37.3800048828125,4,-10.420274
2026-07-19,08:00,58.05999755859375,0,-14.126212
2026-07-19,09:00,55.32000732421875,0,-57.00004
2026-07-19,10:00,24.180007934570312,0,-68.346306
2026-07-19,11:00,16.709991455078125,0,-113.420616
2026-07-19,12:00,49.529998779296875,0,-12.503952
2026-07-19,13:00,66.18000793457031,0,-26.403917
2026-07-19,14:00,75.8800048828125,0,-11.731332
2026-07-19,15:00,105.01998901367188,4,-1.1116086
2026-07-19,16:00,59.59001159667969,4,-5.910702
2026-07-19,17:00,48.959991455078125,4,1.6092691
2026-07-19,18:00,23.399993896484375,0,-5.295351
2026-07-19,19:00,7.1199951171875,0,6.2550106
2026-07-19,20:00,8.30999755859375,4,5.233363
2026-07-19,21:00,-1.510009765625,0,-5.716612
2026-07-19,22:00,7.6199951171875,4,4.3266892
2026-07-19,23:00,-15.410003662109375,3,-18.408504
2026-07-20,00:00,-12.470001220703125,0,-2.466799
2026-07-20,01:00,-8.69000244140625,4,10.753971
2026-07-20,02:00,-3.709991455078125,3,14.774201
2026-07-20,03:00,-4.1199951171875,3,21.404861
2026-07-20,04:00,-12.8599853515625,3,16.09768
2026-07-20,05:00,-18.20001220703125,3,22.337164
2026-07-20,06:00,-4.279998779296875,2,15.639282
2026-07-20,07:00,1.860015869140625,4,8.959126
2026-07-20,08:00,-16.800018310546875,0,-17.86531
2026-07-20,09:00,1.20001220703125,4,-4.794701
2026-07-20,10:00,-35.399993896484375,0,-6.5742326
2026-07-20,11:00,-142.27999877929688,0,-13.281923
2026-07-20,12:00,-101.27001953125,0,-6.7586555
2026-07-20,13:00,-117.3800048828125,0,-2.438928
2026-07-20,14:00,12.32000732421875,4,48.21072
2026-07-20,15:00,-50.6300048828125,4,10.27319
2026-07-20,16:00,-27.32000732421875,4,33.966133
2026-07-20,17:00,-20.199981689453125,4,22.181877
2026-07-20,18:00,-2.959991455078125,4,10.259688
2026-07-20,19:00,6.199981689453125,0,-52.574615
2026-07-20,20:00,-6.739990234375,0,-27.090107
2026-07-20,21:00,-30.3699951171875,4,17.92485
2026-07-20,22:00,-22.029998779296875,4,9.322167
2026-07-20,23:00,-21.579986572265625,4,20.603392
2026-07-21,00:00,-37.589996337890625,4,-50.563538
2026-07-21,01:00,-10.920013427734375,4,-9.41493
2026-07-21,02:00,-9.78997802734375,4,3.7747269
2026-07-21,03:00,-5.82000732421875,4,18.102814
2026-07-21,04:00,-5.290008544921875,2,20.99658
2026-07-21,05:00,3.139984130859375,2,27.859772
2026-07-21,06:00,-5.310028076171875,2,22.801302
2026-07-21,07:00,-16.850006103515625,4,33.70033
2026-07-21,08:00,17.97998046875,4,11.865898
2026-07-21,09:00,-64.739990234375,0,11.200383
2026-07-21,10:00,-71.510009765625,0,-12.402056
2026-07-21,11:00,-104.05999755859375,0,-15.12417
2026-07-21,12:00,17.139984130859375,4,12.650243
2026-07-21,13:00,36.94000244140625,4,9.085178
2026-07-21,14:00,-60.95001220703125,4,42.0069
2026-07-21,15:00,12.300018310546875,4,29.04315
2026-07-21,16:00,52.5,4,44.659695
2026-07-21,17:00,34.94000244140625,4,29.768677
2026-07-21,18:00,20.709991455078125,4,35.433678
2026-07-21,19:00,5.490020751953125,4,70.86158
2026-07-21,20:00,2.990020751953125,4,53.406857
2026-07-21,21:00,14.22998046875,4,35.758274
2026-07-21,22:00,-5.410003662109375,4,18.565363
2026-07-21,23:00,-11.709991455078125,4,26.012472
2026-07-22,00:00,0.05000000000001137,4,30.093258
2026-07-22,01:00,1.7300000000000182,4,29.059166
2026-07-22,02:00,1.6899999999999977,4,12.307895
2026-07-22,03:00,1.4800000000000182,4,20.09822
2026-07-22,04:00,9.819999999999993,3,30.922594
2026-07-22,05:00,2.25,4,21.119463
2026-07-22,06:00,8.169999999999959,4,20.246237
2026-07-22,07:00,-2.5500000000000114,4,19.758034
2026-07-22,08:00,-6.710000000000036,4,10.428352
2026-07-22,09:00,54.110000000000014,0,-1.580686
2026-07-22,10:00,21.05000000000001,0,-36.81487
2026-07-22,11:00,-13.870000000000005,0,-62.46723
2026-07-22,12:00,-23.970000000000027,0,-22.43852
2026-07-22,13:00,-44.19999999999999,0,-23.982946
2026-07-22,14:00,-23.439999999999998,4,-13.631145
2026-07-22,15:00,15.879999999999995,4,6.3483443
2026-07-22,16:00,32.870000000000005,4,19.131763
2026-07-22,17:00,18.889999999999986,4,15.812965
2026-07-22,18:00,-23.110000000000014,4,31.569582
2026-07-22,19:00,-28.079999999999984,4,55.52717
2026-07-22,20:00,-29.00999999999999,4,56.91903
2026-07-22,21:00,-27.579999999999984,4,40.73833
2026-07-22,22:00,-6.850000000000023,4,48.71331
2026-07-22,23:00,-14.900000000000034,4,50.199894
2026-07-23,00:00,-139.05000000000007,4,34.28391
2026-07-23,01:00,-36.90999999999997,4,42.456844
2026-07-23,02:00,-14.300000000000011,4,14.913845
2026-07-23,03:00,-8.189999999999998,3,16.003994
2026-07-23,04:00,-3.7199999999999704,3,24.776749
2026-07-23,05:00,3.8799999999999955,2,25.991468
2026-07-23,06:00,0.9200000000000159,2,28.583712
2026-07-23,07:00,-8.699999999999989,4,32.470055
2026-07-23,08:00,18.349999999999966,4,-3.9801168
2026-07-23,09:00,35.379999999999995,4,-16.096277
2026-07-23,10:00,16.739999999999952,0,-21.390589
2026-07-23,11:00,0.5699999999999932,0,-31.435434
2026-07-23,12:00,-30.230000000000018,0,-30.356152
2026-07-23,13:00,-9.600000000000023,4,-33.03021
2026-07-23,14:00,-26.120000000000005,4,14.407147
2026-07-23,15:00,-10.899999999999977,4,36.138958
2026-07-23,16:00,-30.099999999999966,4,40.769505
2026-07-23,17:00,-13.300000000000011,4,47.216747
2026-07-23,18:00,-31.269999999999982,4,23.346977
2026-07-23,19:00,-33.75999999999999,4,-16.35545
2026-07-23,20:00,-22.77000000000004,4,-3.3645356
2026-07-23,21:00,-13.010000000000048,4,-8.774608
2026-07-23,22:00,-30.420000000000016,4,-36.672497
2026-07-23,23:00,-28.819999999999993,4,-8.346307
